staid,00010_kge,00010_r2,00010_pbias,00095_kge,00095_r2,00095_pbias,00300_kge,00300_r2,00300_pbias,00400_kge,00400_r2,00400_pbias,00405_kge,00405_r2,00405_pbias,00600_kge,00600_r2,00600_pbias,00605_kge,00605_r2,00605_pbias,00618_kge,00618_r2,00618_pbias,00660_kge,00660_r2,00660_pbias,00665_kge,00665_r2,00665_pbias,00681_kge,00681_r2,00681_pbias,00915_kge,00915_r2,00915_pbias,00925_kge,00925_r2,00925_pbias,00930_kge,00930_r2,00930_pbias,00935_kge,00935_r2,00935_pbias,00940_kge,00940_r2,00940_pbias,00945_kge,00945_r2,00945_pbias,00955_kge,00955_r2,00955_pbias,71846_kge,71846_r2,71846_pbias,80154_kge,80154_r2,80154_pbias
01054200,,,,,,,,,,,,,,,,,,,,,,,,,,,,,,,,,,,,,,,,,,,,,,,,,,,,,,,,,,,,
01097000,,,,,,,,,,,,,,,,,,,,,,,,,0.3821908,0.418,10.253,0.46727577,0.421,4.882,,,,,,,,,,,,,,,,,,,,,,,,,,,,,,
01111500,0.92926466,0.949,6.504,0.609695,0.509,1.034,0.83378935,0.797,1.076,-0.09047312,0.003,0.897,,,,0.05624388,0.087,12.693,0.075736314,0.195,15.444,,,,,,,-0.22281513,0.0,6.357,,,,,,,,,,,,,,,,,,,,,,,,,,,,,,
01116500,,,,,,,,,,,,,,,,,,,,,,,,,,,,,,,,,,,,,,,,,,,,,,,,,,,,,,,,,,,,
01118500,0.92787737,0.935,0.162,0.53630567,0.389,0.947,0.7549728,0.594,0.549,-0.15072891,0.022,1.235,,,,0.35339218,0.191,1.643,0.35571757,0.243,2.982,0.60931647,0.497,1.769,0.39240944,0.337,5.688,0.36010078,0.275,2.708,,,,0.47222126,0.267,0.654,0.3822029,0.202,1.648,0.3355651,0.152,0.552,,,,0.7871947,0.647,0.54,,,,,,,0.18452601,0.084,4.565,,,
01124000,0.90882313,0.907,0.277,0.78405225,0.742,2.808,0.78451186,0.778,3.615,-0.58342665,0.125,1.747,,,,0.32950398,0.278,0.657,0.51320046,0.356,4.668,,,,,,,0.7815801,0.748,14.25,,,,0.6043042,0.555,0.368,0.42066965,0.248,2.185,,,,,,,0.81303847,0.758,4.025,0.1894332,0.193,0.776,,,,,,,,,
01125100,,,,,,,,,,,,,,,,,,,,,,,,,,,,,,,,,,,,,,,,,,,,,,,,,,,,,,,,,,,,
01127000,0.9530589,0.928,2.029,0.7141312,0.546,6.692,0.91637003,0.844,1.613,-0.48282492,0.084,2.123,,,,0.65548635,0.473,6.552,0.55580443,0.381,6.153,0.4831149,0.339,5.19,0.61494356,0.508,10.104,0.7541835,0.688,15.423,,,,0.55840063,0.401,0.433,0.38215443,0.205,0.949,,,,,,,0.8199498,0.686,4.529,0.5797736,0.361,4.319,,,,0.3938654,0.339,2.693,,,
01170100,0.8671276,0.817,8.843,-0.18473482,0.033,10.033,,,,,,,,,,,,,,,,,,,,,,,,,,,,,,,,,,,,,,,,,,,,,,,,,,,,,,
01184000,0.9480459,0.952,4.406,0.40143603,0.438,2.509,0.9255281,0.875,1.182,0.087847345,0.008,0.469,0.19799498,0.151,9.638,0.55084074,0.4,4.031,0.2749294,0.204,4.423,0.44705436,0.453,0.734,0.4068721,0.318,23.993,0.1943705,0.261,1.925,,,,0.39574188,0.318,1.965,0.3858355,0.309,1.636,0.43910784,0.445,1.912,0.5254135,0.458,0.59,0.45935753,0.473,0.959,0.78900325,0.75,1.476,0.7273158,0.577,0.758,0.3434216,0.184,27.186,0.20683822,0.377,20.219
01184490,,,,,,,,,,,,,,,,,,,,,,,,,,,,,,,,,,,,,,,,,,,,,,,,,,,,,,,,,,,,
01188000,,,,,,,,,,,,,,,,,,,,,,,,,,,,,,,,,,,,,,,,,,,,,,,,,,,,,,,,,,,,
01189995,0.94821787,0.92,2.53,0.67137605,0.612,0.35,0.90348065,0.834,0.873,0.09400687,0.041,1.286,,,,0.36687183,0.289,2.387,-0.054054238,0.024,1.594,,,,,,,0.51767665,0.553,0.805,,,,0.25867707,0.176,1.889,0.3865977,0.263,0.839,,,,,,,0.76815027,0.741,0.479,0.50603634,0.491,0.318,,,,,,,,,
01192500,0.8848706,0.856,2.992,0.39930648,0.265,13.914,0.6937537,0.519,2.128,-1.8098772,0.052,4.321,,,,-0.07232786,0.0,4.682,-0.021431549,0.028,1.695,,,,,,,0.31122267,0.211,1.254,,,,,,,,,,,,,,,,,,,,,,,,,,,,,,
01192883,,,,,,,,,,,,,,,,,,,,,,,,,,,,,,,,,,,,,,,,,,,,,,,,,,,,,,,,,,0.07290506,0.277,11.736
01193500,0.86164343,0.894,0.155,0.7514865,0.683,1.031,0.7818224,0.614,1.487,-0.3325002,0.038,2.175,,,,0.1440228,0.149,6.793,0.39342275,0.224,3.463,,,,,,,0.33331895,0.337,9.287,,,,,,,,,,,,,,,,,,,,,,,,,,,,0.2497574,0.322,11.293
01196500,0.9204294,0.88,1.902,0.6563001,0.562,4.763,0.8859491,0.836,3.009,-0.76863986,0.005,2.369,,,,0.52646863,0.484,0.016,0.079282075,0.041,1.379,,,,0.56925094,0.42,6.746,0.54353386,0.373,6.979,,,,0.2652729,0.119,0.235,0.15413031,0.059,0.014,,,,,,,0.74053454,0.744,1.854,0.5854194,0.392,2.461,,,,0.19231497,0.243,10.456,,,
01198125,0.9547667,0.935,1.997,,,,,,,,,,,,,,,,,,,,,,,,,,,,,,,,,,,,,,,,,,,,,,,,,,,,,,,,,
01201487,,,,,,,,,,,,,,,,,,,,,,,,,,,,,,,,,,,,,,,,,,,,,,,,,,,,,,,,,,,,
01205500,0.9589823,0.938,1.535,0.56588423,0.411,3.317,0.87183726,0.762,1.605,-0.7710035,0.192,0.82,,,,0.53290284,0.473,4.683,0.29458666,0.334,8.285,,,,0.519561,0.502,3.491,0.4756357,0.361,4.846,,,,,,,,,,,,,,,,,,,,,,,,,0.53537554,0.596,1.84,,,
01208500,0.951924,0.91,0.706,0.53207475,0.418,6.367,0.8523892,0.733,2.75,-0.27636233,0.075,1.001,,,,0.67828196,0.581,5.194,0.31007746,0.194,2.288,0.60068303,0.4,8.638,0.33075404,0.212,5.114,0.48155674,0.312,14.444,,,,0.5501307,0.456,4.704,0.63486826,0.518,4.858,,,,,,,0.3058825,0.281,3.391,0.47855866,0.427,4.638,0.54177916,0.321,2.155,0.44002128,0.376,0.452,,,
01208990,0.8968207,0.899,5.901,0.64665323,0.428,2.68,0.75015026,0.615,2.155,-1.800911,0.015,2.724,,,,0.26340082,0.237,4.464,0.20510566,0.222,11.777,,,,,,,0.20344314,0.18,14.686,,,,,,,,,,,,,,,,0.66550946,0.478,3.052,0.49128437,0.283,4.171,,,,,,,,,
01331095,,,,,,,,,,,,,,,,,,,,,,,,,,,,,,,,,,,,,,,,,,,,,,,,,,,,,,,,,,0.21618676,0.327,11.18
01349150,0.85054916,0.862,1.462,0.4864025,0.385,4.59,0.7530982,0.605,2.45,-3.34729,0.025,1.477,0.18512969,0.093,4.734,0.7149632,0.54,7.167,0.53101146,0.483,0.386,0.6866366,0.52,13.744,0.60701257,0.592,1.843,0.30360055,0.652,10.771,,,,0.4846089,0.397,8.883,0.5586118,0.478,8.275,0.6302879,0.453,1.574,0.30088127,0.128,3.937,0.61041576,0.374,2.872,0.58965486,0.642,10.104,0.21154046,0.095,2.295,-0.040360525,0.016,1.713,0.22782095,0.294,6.317
01349840,0.91964304,0.881,4.983,,,,,,,,,,,,,,,,,,,0.64044976,0.484,7.966,0.6505203,0.386,2.301,0.06013653,0.039,5.014,0.62543035,0.414,2.447,0.3463873,0.121,1.97,0.3024393,0.092,1.596,0.5435349,0.309,0.72,0.07421253,0.028,4.171,-0.0587495,0.0,2.639,-0.19668144,0.032,1.92,0.55223763,0.308,3.316,,,,-0.252954,0.0,77.82
01349950,0.89188045,0.835,5.802,,,,,,,,,,,,,,,,,,,0.6303136,0.528,3.908,-0.08193502,0.001,11.571,0.5253342,0.488,13.919,0.79141206,0.707,3.02,0.4122205,0.413,2.434,0.47777712,0.559,1.774,0.40401033,0.387,0.617,0.50233287,0.365,2.668,0.35530844,0.315,0.377,0.026430134,0.034,2.801,0.6497423,0.582,3.012,,,,0.543853,0.596,22.184
01357500,,,,,,,,,,,,,,,,,,,,,,,,,,,,,,,,,,,,,,,,,,,,,,,,,,,,,,,,,,0.28577298,0.549,17.19
01362370,,,,,,,,,,,,,,,,,,,,,,,,,,,,,,,,,,,,,,,,,,,,,,,,,,,,,,,,,,0.237878,0.354,26.743
01364959,0.92841643,0.877,1.071,,,,,,,,,,,,,,,,,,,0.5307247,0.374,3.614,,,,,,,0.53246045,0.419,7.916,0.033052716,0.062,0.882,0.12774397,0.1,0.737,0.25025222,0.257,0.623,0.085484624,0.092,5.6,0.11392932,0.039,4.139,0.002929899,0.003,1.604,0.38119027,0.29,2.309,,,,,,
01389500,0.9364486,0.947,3.943,,,,,,,,,,,,,,,,,,,,,,,,,,,,,,,,,,,,,,,,,,,,,,,,,,,,,,,,,
01398000,,,,,,,,,,,,,,,,,,,,,,,,,,,,,,,,,,,,,,,,,,,,,,,,,,,,,,,,,,,,
01421618,0.9406808,0.898,1.328,,,,,,,,,,,,,,,,,,,0.60067326,0.45,4.991,0.32042545,0.307,3.411,0.20929132,0.155,14.179,0.59693795,0.477,4.487,0.6697292,0.563,2.083,0.54989916,0.461,2.274,0.4200797,0.304,2.121,0.38356563,0.239,0.426,0.21492822,0.243,4.627,0.26295295,0.195,1.139,0.6577943,0.569,4.15,,,,0.07683771,0.208,19.971
01422738,0.9132846,0.874,5.688,,,,,,,,,,,,,,,,,,,0.46793157,0.433,9.478,0.46151507,0.194,3.741,0.27364358,0.194,30.184,0.5245826,0.29,3.283,0.7177051,0.55,4.133,0.7007582,0.534,3.804,0.6751566,0.594,6.023,0.3503087,0.192,3.193,0.4751518,0.363,7.246,0.2779295,0.086,6.734,0.38702977,0.313,5.363,,,,,,
01422747,0.9095219,0.852,0.358,,,,,,,,,,,,,,,,,,,0.7026506,0.557,5.869,0.034080584,0.06,12.251,0.22760618,0.372,15.987,0.6828526,0.547,1.851,0.5194166,0.314,1.191,0.39351797,0.237,1.029,0.6475773,0.561,2.317,0.41448766,0.24,0.32,0.4560554,0.378,0.7,0.019265328,0.034,0.402,0.65779954,0.571,3.116,,,,,,
143400680,0.929547,0.896,4.297,,,,,,,,,,,,,,,,,,,0.6962337,0.603,0.739,0.24322997,0.12,0.203,0.21350773,0.201,2.861,0.63334864,0.601,9.611,0.4242679,0.3,1.804,0.6587582,0.465,2.456,0.36622575,0.225,1.872,0.2632739,0.197,2.915,0.16889548,0.074,1.562,0.7581148,0.588,2.054,0.56903756,0.389,3.752,,,,,,
01434021,0.894398,0.887,8.314,,,,,,,,,,,,,,,,,,,0.53453684,0.416,8.646,0.3096906,0.108,1.862,0.49105138,0.101,14.749,0.8444513,0.816,6.112,0.6908456,0.507,8.518,0.71013623,0.566,6.342,0.5770557,0.381,5.887,0.04913742,0.057,0.531,0.1809412,0.072,9.229,0.7540743,0.624,10.435,0.8652997,0.908,6.992,,,,,,
01434025,0.9264766,0.882,0.082,,,,,,,,,,,,,,,,,,,0.51915526,0.418,1.943,0.016751636,0.026,0.66,0.4551957,0.269,19.018,0.72119105,0.67,2.262,0.6673933,0.502,0.161,0.71125984,0.525,0.976,0.51311845,0.363,1.067,0.27891514,0.193,2.687,0.43652713,0.319,0.529,0.8958418,0.815,0.811,0.7875144,0.689,3.191,,,,,,
01435000,0.934764,0.877,1.139,,,,,,,,,,,,,,,,,,,0.6701456,0.563,1.203,0.2301673,0.147,5.353,0.2536724,0.374,12.173,0.67568904,0.733,1.362,0.23974262,0.226,1.942,0.24592037,0.253,2.496,0.50280833,0.35,2.891,0.39334643,0.312,0.739,0.47431532,0.393,1.159,0.7570188,0.689,1.922,0.70432496,0.802,0.73,,,,,,
01463500,0.93869436,0.906,2.022,0.3026598,0.246,0.465,0.7379623,0.593,1.566,-0.16491874,0.021,0.182,0.36870927,0.379,9.445,0.39656243,0.401,6.291,0.2458583,0.339,14.576,0.07381696,0.051,1.242,0.34123236,0.208,0.268,0.20003854,0.405,16.96,,,,0.23546511,0.143,0.308,0.31012157,0.245,0.563,0.48148826,0.421,3.257,0.27522728,0.123,4.419,0.57800335,0.533,1.553,0.57191634,0.495,2.424,0.39423987,0.394,0.232,0.45971724,0.698,8.067,0.033759944,0.418,45.671
01466500,0.91129166,0.854,0.144,0.60685885,0.557,6.813,0.72453797,0.591,10.137,-1.5493671,0.055,7.683,,,,,,,,,,0.59976256,0.37,4.812,,,,,,,0.82589024,0.722,0.52,0.32331303,0.166,3.644,0.45835844,0.247,4.339,0.108901754,0.06,1.551,0.41444555,0.216,3.317,0.26221523,0.084,0.734,0.5736636,0.554,5.21,0.58377695,0.42,1.926,,,,,,
01472157,,,,,,,,,,,,,,,,,,,,,,,,,,,,,,,,,,,,,,,,,,,,,,,,,,,,,,,,,,,,
01477120,,,,,,,,,,,,,,,,,,,,,,,,,,,,,,,,,,,,,,,,,,,,,,,,,,,,,,,,,,,,
01480617,0.87359333,0.794,0.606,0.5699597,0.407,1.925,0.55792385,0.318,0.21,-0.12768993,0.003,0.881,,,,,,,,,,,,,,,,,,,,,,,,,,,,,,,,,,,,,,,,,,,,,,,,
01480870,0.88527745,0.802,0.316,0.56506467,0.473,1.842,0.6200682,0.387,1.648,-0.058410514,0.002,1.317,,,,,,,,,,,,,,,,,,,,,,,,,,,,,,,,,,,,,,,,,,,,,,,,
01481000,0.84230405,0.732,0.068,0.62271243,0.485,0.416,0.67714095,0.497,0.747,-0.16166481,0.025,0.673,,,,,,,,,,,,,,,,,,,,,,,,,,,,,,,,,,,,,,,,,,,,,,,,
01491000,0.88686454,0.85,2.922,0.56040895,0.52,2.453,0.8063585,0.699,0.129,0.038833845,0.002,0.578,0.146396,0.19,3.432,0.26486447,0.122,1.44,0.5044584,0.414,2.256,0.4048806,0.312,1.911,0.5468885,0.6,4.499,0.6211165,0.621,5.245,0.75061864,0.612,5.734,,,,,,,,,,,,,,,,,,,0.4367029,0.402,2.339,0.5027671,0.416,9.59,0.38017154,0.426,11.394
01534000,,,,,,,,,,,,,,,,,,,,,,,,,,,,,,,,,,,,,,,,,,,,,,,,,,,,,,,,,,,,
01540500,0.91872334,0.917,0.969,,,,,,,0.33197027,0.139,0.521,,,,0.29467684,0.313,1.737,0.057888765,0.131,8.933,,,,-0.049796846,0.05,6.638,0.25376126,0.48,19.438,,,,,,,,,,,,,,,,,,,,,,,,,0.30330107,0.217,6.5,0.15235238,0.451,35.5
01545600,0.8915953,0.799,2.165,,,,,,,,,,,,,,,,,,,,,,,,,,,,,,,0.5287357,0.282,0.927,0.43340468,0.198,1.369,0.30447605,0.217,0.578,0.32192174,0.12,2.732,0.19667134,0.169,3.344,0.4949682,0.255,3.041,0.8625251,0.774,0.306,,,,,,
01549700,,,,,,,,,,,,,,,,,,,,,,,,,,,,,,,,,,,,,,,,,,,,,,,,,,,,,,,,,,,,
01553500,0.9212477,0.9,1.187,,,,,,,0.2085412,0.057,0.76,,,,0.12011517,0.142,6.083,-0.095119245,0.042,13.188,,,,0.2557507,0.133,25.654,0.19822745,0.169,7.298,,,,,,,,,,,,,,,,,,,,,,,,,-0.06626947,0.019,8.118,0.50219077,0.458,5.004
01558000,,,,,,,,,,,,,,,,,,,,,,,,,,,,,,,,,,,,,,,,,,,,,,,,,,,,,,,,,,,,
01567000,,,,,,,,,,,,,,,,,,,,,,,,,,,,,,,,,,,,,,,,,,,,,,,,,,,,,,,,,,,,
01576754,,,,,,,,,,-0.24835336,0.061,1.74,,,,0.13586846,0.09,5.768,0.44700947,0.349,0.452,,,,0.49725822,0.361,3.608,0.24565239,0.13,5.984,,,,,,,,,,,,,,,,,,,,,,,,,0.56810826,0.486,0.036,0.13459805,0.204,20.202
01581752,0.85258806,0.793,9.723,,,,,,,,,,,,,,,,,,,0.49917713,0.505,8.65,0.4143405,0.19,3.149,0.31772766,0.329,11.551,,,,,,,,,,,,,,,,,,,,,,,,,0.2743913,0.093,14.017,,,
158397967,,,,,,,,,,,,,,,,,,,,,,,,,,,,,,,,,,,,,,,,,,,,,,,,,,,,,,,,,,,,
01591000,0.9182839,0.88,2.454,-0.21933246,0.009,1.366,,,,0.08342055,0.017,1.715,,,,0.14938384,0.162,1.599,0.2406197,0.318,17.116,0.32347775,0.24,6.724,0.28516743,0.387,13.373,0.1498134,0.203,25.738,,,,,,,,,,,,,,,,,,,,,,0.16228041,0.054,1.447,0.015962176,0.052,8.787,0.35645476,0.286,11.393
01594000,,,,,,,,,,,,,,,,0.20072043,0.226,8.191,0.32471114,0.397,14.332,0.4759952,0.671,5.949,0.6994419,0.666,11.194,0.2624811,0.359,20.533,,,,,,,,,,,,,,,,,,,,,,0.4352822,0.577,0.55,0.4936122,0.535,17.103,0.15218699,0.269,27.328
01594440,0.9042469,0.884,3.037,0.3853465,0.225,10.958,0.86513805,0.76,0.963,-0.21349087,0.041,1.275,-0.006588614,0.089,19.398,0.8067274,0.706,6.444,0.21018131,0.153,1.085,0.75332373,0.623,11.9,0.8060122,0.695,6.731,0.4261991,0.306,1.219,0.5996517,0.551,1.371,,,,,,,,,,,,,,,,,,,0.36507758,0.33,4.834,0.607814,0.704,6.436,0.2673346,0.224,4.865
01594526,0.9213546,0.9,2.643,0.0036202255,0.067,2.289,,,,-0.64438415,0.039,2.895,,,,0.6444556,0.459,9.899,0.57293457,0.42,17.599,0.59751534,0.481,2.483,0.3462575,0.324,4.67,0.5131343,0.387,21.571,0.730244,0.537,3.111,,,,,,,,,,,,,,,,,,,0.5138591,0.506,4.458,0.30163506,0.321,2.196,0.32149485,0.289,12.909
01604500,0.8846541,0.865,1.457,0.4105268,0.201,0.012,0.76566637,0.63,2.512,-1.1752839,0.019,0.447,,,,,,,,,,,,,,,,,,,,,,,,,,,,,,,,,,,,,,,,,,,,,,,,
01608500,0.9147011,0.898,1.07,0.711654,0.66,1.74,,,,-0.13690467,0.016,1.35,,,,,,,,,,,,,,,,,,,,,,,,,,,,,,,,,,,,,,,,,,,,,,,,
01611500,0.91758645,0.922,3.125,0.59195065,0.52,2.611,0.8053425,0.66,0.191,-0.072716095,0.005,0.223,,,,,,,0.34858263,0.47,7.662,0.8083623,0.746,9.869,0.46199638,0.302,0.675,0.20853734,0.397,23.201,,,,,,,,,,,,,,,,,,,,,,,,,0.26743212,0.271,5.478,0.3854817,0.462,5.28
01614500,,,,0.7093228,0.801,0.809,,,,,,,,,,0.37431088,0.402,1.323,0.22753377,0.205,0.813,0.4031379,0.445,1.484,0.62314725,0.502,4.076,0.20904687,0.165,0.342,,,,,,,,,,,,,,,,,,,,,,,,,0.10062514,0.166,4.084,0.25937772,0.276,4.057
01616500,,,,,,,,,,,,,,,,,,,,,,,,,,,,,,,,,,,,,,,,,,,,,,,,,,,,,,,,,,,,
01621050,,,,,,,,,,,,,,,,,,,,,,,,,,,,,,,,,,,,,,,,,,,,,,,,,,,,,,,,,,,,
01631000,0.9467109,0.9,0.307,0.38654217,0.32,2.972,0.5735501,0.356,1.396,0.032881204,0.009,0.216,,,,0.5171862,0.499,0.419,,,,,,,0.68173444,0.508,13.653,0.3820408,0.381,2.518,,,,,,,,,,,,,,,,,,,,,,,,,0.48232934,0.498,4.514,0.34089953,0.369,10.552
01634000,0.9239746,0.89,0.796,0.5631017,0.626,3.136,0.62139577,0.501,2.077,-0.08597683,0.006,0.046,,,,0.50517666,0.365,3.079,,,,,,,0.69823766,0.686,1.68,0.33681148,0.334,5.148,,,,,,,,,,,,,,,,,,,,,,,,,0.32449725,0.304,8.221,0.28151494,0.308,8.71
01645704,,,,,,,,,,,,,,,,0.33888978,0.209,4.416,0.46052256,0.282,20.448,,,,-0.22580133,0.004,9.67,0.44869938,0.302,21.497,,,,,,,,,,,,,,,,,,,,,,,,,-0.07014533,0.034,23.13,0.3845995,0.27,32.068
01645762,,,,,,,,,,,,,,,,0.3244448,0.161,3.878,0.52566344,0.437,8.979,,,,0.1777516,0.153,31.758,0.47458568,0.385,24.0,,,,,,,,,,,,,,,,,,,,,,,,,0.09254046,0.116,19.375,0.6084886,0.56,27.424
01646305,,,,,,,,,,,,,,,,0.0937418,0.026,0.956,0.6923316,0.568,1.573,,,,0.5837383,0.519,0.348,0.6232086,0.595,5.897,,,,,,,,,,,,,,,,,,,,,,,,,0.14446019,0.071,12.085,0.66220784,0.509,7.962
01649190,0.8901717,0.827,0.265,0.3111571,0.242,0.256,0.7634035,0.636,0.406,-3.513438,0.095,0.654,,,,0.6302725,0.427,3.609,,,,0.59319484,0.568,0.699,,,,0.7619469,0.631,7.708,,,,,,,,,,,,,,,,,,,,,,,,,0.36072955,0.244,17.202,0.52673495,0.445,0.177
01649500,0.90758693,0.847,3.579,0.35769626,0.319,6.628,0.58357024,0.415,0.1,-0.65840024,0.049,1.367,,,,0.43458262,0.319,1.38,,,,0.38115737,0.45,5.008,,,,0.45665523,0.372,6.803,,,,,,,,,,,,,,,,,,,,,,,,,0.226386,0.16,29.629,0.6972122,0.63,18.29
01654000,0.8444052,0.736,5.175,0.5139643,0.394,7.878,0.4352152,0.306,2.506,-2.4837923,0.051,3.598,,,,0.57665795,0.378,2.424,,,,,,,0.5122954,0.563,5.025,0.45089003,0.381,0.416,,,,,,,,,,,,,,,,,,,,,,,,,0.19945194,0.157,8.405,,,
01656903,,,,,,,,,,,,,,,,0.41261458,0.216,1.871,0.66147614,0.502,5.434,,,,0.30356178,0.231,6.978,0.5631184,0.43,6.187,,,,,,,,,,,,,,,,,,,,,,,,,-0.045505468,0.042,2.951,0.6345379,0.573,24.259
01658000,0.81054825,0.672,0.239,0.37076825,0.148,3.312,0.74392265,0.66,1.089,-0.91309446,0.073,0.142,,,,,,,0.115364075,0.168,23.033,0.39275652,0.251,9.371,0.69954765,0.575,0.684,0.06213511,0.157,25.3,,,,,,,,,,,,,,,,,,,,,,,,,0.20840468,0.192,7.636,-0.24863702,0.008,38.086
01658500,0.83511984,0.769,0.094,-0.12534906,0.01,2.432,0.48837397,0.288,2.307,-1.607216,0.008,0.148,,,,0.74424183,0.577,1.302,,,,,,,0.2880106,0.173,1.837,0.7423775,0.554,1.047,,,,,,,,,,,,,,,,,,,,,,,,,0.50400364,0.346,5.535,0.31113762,0.318,8.537
01659000,,,,,,,,,,,,,,,,,,,,,,,,,,,,,,,,,,,,,,,,,,,,,,,,,,,,,,,,,,0.41974446,0.337,1.256
01667500,0.885477,0.865,3.539,0.47509038,0.41,2.034,0.8600866,0.753,2.362,-0.16851653,0.023,1.012,,,,0.48259953,0.679,5.867,,,,,,,0.2538109,0.404,13.314,0.41303566,0.631,15.536,,,,,,,,,,,,,,,,,,,,,,,,,0.4716307,0.723,6.869,0.35168004,0.638,23.914
01668000,0.92036474,0.876,3.031,0.30339903,0.344,1.992,0.8785078,0.776,2.318,-0.008901601,0.002,0.266,,,,0.68479097,0.663,0.315,0.49939382,0.441,7.191,0.69512767,0.592,4.068,0.37251312,0.366,1.902,0.5503881,0.645,3.886,0.5509038,0.671,9.242,,,,,,,,,,,,,,,,,,,0.3814192,0.337,2.289,0.40447947,0.397,3.057,0.46255094,0.65,19.359
01671020,,,,,,,,,,,,,,,,,,,,,,,,,,,,,,,,,,,,,,,,,,,,,,,,,,,,,,,,,,,,
01673000,0.9375275,0.886,1.638,0.77548254,0.758,0.687,0.8507968,0.751,0.037,-0.060959447,0.002,0.386,,,,0.15785362,0.162,7.124,0.05248639,0.091,7.436,0.4095292,0.482,2.189,0.6402869,0.587,4.067,0.113926254,0.182,11.117,0.52378595,0.59,2.185,,,,,,,,,,,,,,,,,,,0.34224,0.346,1.266,0.33366516,0.29,2.069,0.28018662,0.313,10.943
01674500,0.9381006,0.895,0.79,0.285366,0.227,0.85,0.85144264,0.744,0.4,-0.07495537,0.003,0.705,,,,0.36850744,0.306,4.21,0.17837268,0.137,4.717,0.3159125,0.37,1.062,0.4584708,0.411,2.678,0.12704296,0.089,6.062,0.6802227,0.584,0.154,,,,,,,,,,,,,,,,,,,0.4435562,0.317,0.422,0.20560265,0.214,6.158,0.3701826,0.351,0.923
02035000,0.9153837,0.904,1.269,0.53986573,0.558,1.191,0.81709796,0.699,0.914,0.21172212,0.081,0.346,,,,0.45560247,0.465,3.73,0.24263756,0.251,9.363,0.39604098,0.372,2.421,0.46633413,0.303,2.268,0.5342374,0.491,5.223,0.40337318,0.442,7.646,,,,,,,,,,,,,,,,,,,0.3722065,0.404,1.189,0.45303783,0.374,5.185,0.3983395,0.607,10.832
02041650,0.95765835,0.923,0.649,0.30264685,0.227,0.924,0.8580899,0.752,1.606,-0.027045803,0.0,1.339,,,,0.24496642,0.167,1.582,0.008432061,0.029,1.466,0.48972943,0.474,3.513,0.24941516,0.302,2.205,0.42530975,0.471,4.98,0.4256656,0.31,4.438,,,,,,,,,,,,,,,,,,,0.13198291,0.098,1.782,0.32581067,0.229,2.681,0.41113532,0.534,4.188
02042500,0.85810584,0.836,2.08,0.40536493,0.218,0.835,0.8197996,0.674,1.374,-0.55697113,0.17,0.449,,,,0.46008107,0.224,3.345,,,,,,,0.3148081,0.177,5.368,0.3505351,0.217,7.155,,,,,,,,,,,,,,,,,,,,,,,,,0.22492361,0.102,10.769,0.32860425,0.152,10.851
02085000,,,,,,,,,,,,,,,,,,,,,,,,,,,,,,,,,,,,,,,,,,,,,,,,,,,,,,,,,,,,
02085500,,,,,,,,,,,,,,,,,,,,,,,,,,,,,,,,,,,,,,,,,,,,,,,,,,,,,,,,,,,,
02087580,0.88681203,0.787,1.032,0.5804653,0.343,2.614,0.8335394,0.699,2.643,-0.33800775,0.009,0.663,,,,,,,0.3428034,0.312,1.513,0.4052453,0.464,0.952,0.20767938,0.199,18.753,0.47647542,0.536,6.019,,,,,,,,,,,,,,,,,,,,,,,,,0.42450076,0.332,6.258,0.25697154,0.25,5.641
02089500,0.9094555,0.864,2.936,0.4783956,0.465,1.379,0.6896706,0.591,1.493,-0.1641219,0.019,0.13,0.06557917,0.111,5.467,0.43876085,0.352,1.15,0.13453989,0.163,5.924,0.42728236,0.47,1.762,0.5543572,0.635,5.971,0.43189937,0.511,4.187,,,,,,,,,,,,,,,,0.48663083,0.462,1.941,0.36425257,0.388,1.977,,,,0.5727029,0.524,8.825,0.23164453,0.149,10.405
02091500,0.89925164,0.812,1.826,0.2596862,0.211,0.14,0.7951571,0.632,0.205,-0.0815247,0.005,0.279,-0.07028243,0.052,11.206,0.72874653,0.607,1.355,0.45023748,0.441,4.379,0.44048625,0.328,2.374,0.70841074,0.797,3.806,0.73864526,0.713,0.014,,,,0.07119795,0.027,3.073,0.21807118,0.086,0.384,0.36789966,0.232,0.143,0.5528637,0.36,0.732,0.2503107,0.166,0.338,0.30889717,0.295,4.574,0.5611524,0.346,0.858,0.57165486,0.612,6.215,-0.07261821,0.033,5.826
02096846,,,,,,,,,,,,,,,,,,,,,,,,,,,,,,,,,,,,,,,,,,,,,,,,,,,,,,,,,,,,
02097464,,,,,,,,,,,,,,,,,,,,,,,,,,,,,,,,,,,,,,,,,,,,,,,,,,,,,,,,,,,,
02116500,,,,,,,,,,,,,,,,,,,,,,,,,,,,,,,,,,,,,,,,,,,,,,,,,,,,,,,,,,0.5263681,0.706,8.837
02174250,,,,,,,,,,,,,,,,,,,,,,,,,,,,,,,,,,,,,,,,,,,,,,,,,,,,,,,,,,,,
02175000,0.8980522,0.822,0.878,0.5067012,0.43,0.155,0.74934566,0.567,2.597,-0.19467498,0.037,0.776,-0.08574167,0.055,8.455,0.28025284,0.353,5.808,0.28787273,0.439,6.921,0.36613178,0.281,6.036,0.59422547,0.51,3.311,0.7430666,0.611,5.327,,,,0.47565398,0.464,0.55,0.61216664,0.534,0.401,0.56704795,0.435,5.338,0.6794497,0.611,2.731,0.25477284,0.201,0.976,0.56594545,0.419,2.961,0.7538335,0.625,3.564,0.30449328,0.242,0.231,0.21725795,0.109,3.631
02177000,0.8888824,0.867,1.093,0.045697503,0.021,0.335,0.7469239,0.569,0.193,-0.09780878,0.0,0.759,0.09153654,0.091,0.307,0.011621455,0.029,2.835,-0.0141482055,0.02,2.757,,,,,,,0.19412287,0.202,3.235,,,,,,,,,,,,,,,,,,,,,,,,,,,,,,
02198500,0.8916624,0.845,2.602,0.27539626,0.19,2.753,0.5920934,0.528,0.872,-0.30314848,0.092,0.669,,,,,,,,,,,,,,,,0.0032050963,0.054,9.451,,,,,,,,,,,,,,,,,,,,,,,,,,,,,,
02203603,,,,,,,,,,,,,,,,,,,,,,,,,,,,,,,,,,,,,,,,,,,,,,,,,,,,,,,,,,,,
02203655,,,,0.5521635,0.43,0.462,,,,-1.1264348,0.058,1.711,0.018389655,0.123,8.998,,,,,,,,,,,,,,,,,,,0.14386165,0.168,4.563,0.15883258,0.179,5.976,,,,0.34382695,0.17,0.189,0.054808527,0.086,1.224,0.19492468,0.416,9.029,0.13833238,0.212,6.432,,,,,,
02203700,,,,0.13912934,0.084,10.424,,,,-1.3957329,0.004,0.157,,,,,,,,,,,,,,,,,,,,,,,,,,,,,,,,,,,,,,,,,,,,,,,,
02207385,,,,,,,,,,,,,,,,,,,,,,,,,,,,,,,,,,,,,,,,,,,,,,,,,,,,,,,,,,,,
02215000,0.8877672,0.916,0.328,0.7131315,0.632,1.659,0.64968264,0.632,0.627,-0.1992404,0.034,0.616,,,,,,,,,,,,,,,,,,,,,,,,,,,,,,,,,,,,,,,,,,,,,,,,
02215500,0.92104745,0.879,0.456,0.5246689,0.6,0.062,0.67919785,0.544,2.741,-0.27182013,0.06,1.54,0.27270707,0.217,1.94,0.022559416,0.104,1.415,0.06943994,0.094,2.588,,,,,,,0.1934036,0.223,2.392,,,,,,,,,,,,,,,,,,,,,,,,,,,,,,
02269160,,,,,,,,,,,,,,,,,,,,,,,,,,,,,,,,,,,,,,,,,,,,,,,,,,,,,,,,,,0.34314302,0.297,9.079
02270500,0.8244341,0.774,2.517,0.5471321,0.431,0.276,0.858339,0.764,1.876,0.3185626,0.102,0.287,,,,,,,,,,,,,,,,,,,,,,,,,,,,,,,,,,,,,,,,,,,,,,,,
02274005,,,,,,,,,,,,,,,,,,,,,,,,,,,,,,,,,,,,,,,,,,,,,,,,,,,,,,,,,,,,
02274010,,,,,,,,,,,,,,,,,,,,,,,,,,,,,,,,,,,,,,,,,,,,,,,,,,,,,,,,,,,,
02307359,,,,,,,,,,,,,,,,,,,,,,,,,,,,,,,,,,,,,,,,,,,,,,,,,,,,,,,,,,,,
02310947,,,,,,,,,,,,,,,,,,,,,,,,,,,,,,,,,,,,,,,,,,,,,,,,,,,,,,,,,,,,
02314500,0.8965541,0.81,1.951,0.1566901,0.092,1.243,0.7676699,0.641,3.022,-0.38378376,0.022,1.907,0.3752655,0.24,0.702,,,,,,,,,,,,,-0.034658875,0.133,22.613,,,,,,,,,,,,,,,,,,,,,,,,,,,,,,
02318500,0.85547084,0.755,0.617,0.3915048,0.449,8.239,0.13976176,0.026,4.754,-0.57898104,0.146,0.481,,,,,,,,,,,,,,,,,,,,,,,,,,,,,,,,,,,,,,,,,,,,,,,,
02334885,,,,,,,,,,,,,,,,,,,,,,,,,,,,,,,,,,,,,,,,,,,,,,,,,,,,,,,,,,,,
02335870,0.8920229,0.798,0.923,0.30917418,0.13,2.275,0.63556725,0.47,0.022,-1.1712216,0.036,0.54,-0.11868656,0.009,6.763,0.38356283,0.472,4.911,0.34127632,0.634,18.944,0.39966577,0.23,10.541,0.5508675,0.394,1.977,0.28726283,0.336,4.244,,,,,,,,,,,,,,,,0.43154457,0.258,9.29,0.18652694,0.089,2.846,,,,0.34743053,0.256,4.849,0.17722239,0.23,15.695
02336120,,,,0.44775006,0.414,4.181,,,,-0.85560703,0.009,0.721,,,,,,,,,,,,,,,,,,,,,,,,,,,,,,,,,,,,,,,,,,,,,,,,
02336240,,,,,,,,,,,,,,,,,,,,,,,,,,,,,,,,,,,,,,,,,,,,,,,,,,,,,,,,,,,,
02336300,0.9041261,0.84,1.47,0.43237504,0.345,6.01,0.7629708,0.586,1.231,-0.832803,0.002,1.872,-0.20804767,0.001,3.239,,,,,,,,,,,,,0.7109374,0.564,4.428,,,,,,,,,,,,,,,,,,,,,,,,,,,,,,
02336360,,,,0.48183802,0.289,1.279,,,,-1.5708303,0.009,0.373,,,,,,,,,,,,,,,,,,,,,,,,,,,,,,,,,,,,,,,,,,,,,,,,
02336526,,,,,,,,,,,,,,,,,,,,,,,,,,,,,,,,,,,,,,,,,,,,,,,,,,,,,,,,,,,,
02337410,0.9166716,0.881,1.507,0.2521909,0.151,1.419,0.7084543,0.522,2.275,0.013618048,0.0,0.945,,,,,,,,,,,,,,,,,,,,,,,,,,,,,,,,,,,,,,,,,,,,,,,,
02338000,0.8549314,0.817,0.41,0.510683,0.354,3.556,0.71938753,0.677,4.201,-0.11257123,0.011,0.719,0.0023543988,0.065,6.002,,,,0.118015446,0.205,7.974,0.40044725,0.247,10.022,0.13960868,0.069,0.924,0.49741834,0.599,12.45,,,,,,,,,,,,,,,,0.43465483,0.287,9.349,0.104945906,0.081,0.484,,,,0.24897887,0.203,0.136,0.3588901,0.458,24.903
02338500,,,,,,,,,,,,,,,,,,,,,,,,,,,,,,,,,,,,,,,,,,,,,,,,,,,,,,,,,,,,
02338660,0.9206157,0.854,1.341,0.7327308,0.58,4.05,0.7124607,0.551,2.681,-1.8497766,0.163,1.37,,,,,,,,,,,,,,,,,,,,,,,,,,,,,,,,,,,,,,,,,,,,,,,,
02349500,0.9119403,0.856,3.483,0.030365556,0.026,4.316,0.67071563,0.627,0.89,-0.6189717,0.299,2.485,0.0080683455,0.039,0.871,,,,,,,,,,,,,0.35210857,0.3,2.691,,,,,,,,,,,,,,,,,,,,,,,,,,,,,,
02349605,0.8748754,0.884,1.057,0.28518218,0.255,1.426,0.73435575,0.692,1.406,-0.21832146,0.042,0.181,,,,,,,,,,,,,,,,,,,,,,,,,,,,,,,,,,,,,,,,,,,,,,,,
02350080,,,,,,,,,,,,,,,,,,,,,,,,,,,,,,,,,,,,,,,,,,,,,,,,,,,,,,,,,,,,
02353000,0.9314827,0.917,1.925,0.47796166,0.492,5.472,0.7645467,0.611,1.972,0.03157816,0.001,1.365,0.195856,0.103,21.092,,,,,,,,,,,,,-0.073480584,0.031,3.436,,,,,,,,,,,,,,,,,,,,,,,,,,,,,,
02356000,0.8456808,0.919,1.754,0.424487,0.58,3.671,0.6710413,0.478,0.659,-0.310982,0.097,0.705,,,,,,,,,,,,,,,,,,,,,,,,,,,,,,,,,,,,,,,,,,,,,,,,
02358000,,,,,,,,,,,,,,,,,,,,,,,,,,,,,,,,,,,,,,,,,,,,,,,,,,,,,,,,,,0.30902532,0.719,8.805
02359170,,,,,,,,,,,,,,,,,,,,,,,,,,,,,,,,,,,,,,,,,,,,,,,,,,,,,,,,,,0.61357975,0.56,7.582
02380500,0.9079284,0.837,0.997,0.57603383,0.409,3.74,0.7580578,0.618,1.257,-0.42357245,0.1,0.153,,,,,,,,,,,,,,,,,,,,,,,,,,,,,,,,,,,,,,,,,,,,,,,,
02381090,,,,,,,,,,,,,,,,,,,,,,,,,,,,,,,,,,,,,,,,,,,,,,,,,,,,,,,,,,,,
02387000,0.91640466,0.884,1.922,0.6095311,0.591,6.485,0.8512324,0.748,3.215,-0.46896523,0.197,2.914,0.16273773,0.161,4.46,0.30869067,0.174,9.538,0.01401057,0.021,8.888,,,,,,,0.66675806,0.636,2.082,,,,,,,,,,,,,,,,,,,,,,,,,,,,,,
02392000,0.9134802,0.904,3.635,0.33103222,0.207,1.979,0.7983671,0.672,0.378,-0.29371482,0.04,1.122,-0.098067164,0.063,8.073,,,,,,,,,,,,,0.02787371,0.078,4.592,,,,,,,,,,,,,,,,,,,,,,,,,,,,,,
02392360,0.9153635,0.852,1.371,0.5411,0.516,0.609,0.8153716,0.695,1.435,-1.8715599,0.082,0.381,,,,,,,,,,,,,,,,,,,,,,,,,,,,,,,,,,,,,,,,,,,,,,,,
02392780,0.89536834,0.824,0.042,0.586167,0.688,2.339,0.77100694,0.596,0.761,-1.3364619,0.183,0.275,,,,,,,,,,,,,,,,,,,,,,,,,,,,,,,,,,,,,,,,,,,,,,,,
02413210,0.9277159,0.871,2.677,0.36326984,0.271,3.522,0.7576784,0.591,1.892,-1.0903746,0.257,0.108,,,,,,,,,,,,,,,,,,,,,,,,,,,,,,,,,,,,,,,,,,,,,,,,
03056250,0.94738305,0.918,0.583,,,,,,,,,,,,,,,,,,,,,,,,,,,,,,,,,,,,,,,,,,,,,,,,,,,,,,,,,
03058000,,,,,,,,,,,,,,,,,,,,,,,,,,,,,,,,,,,,,,,,,,,,,,,,,,,,,,,,,,,,
03085000,,,,,,,,,,,,,,,,,,,,,,,,,,,,,,,,,,,,,,,,,,,,,,,,,,,,,,,,,,,,
03230450,0.8684661,0.819,6.835,-0.12357956,0.014,5.548,0.5357922,0.314,5.863,-4.7177606,0.01,5.325,,,,,,,0.5602212,0.562,4.315,0.47282082,0.333,0.694,0.5920493,0.519,2.569,0.5866801,0.642,0.247,,,,,,,,,,,,,,,,0.2695001,0.168,11.701,0.16334443,0.106,13.593,0.5621093,0.368,0.802,0.20744947,0.198,14.895,0.49836564,0.435,1.695
03230500,,,,,,,,,,,,,,,,,,,,,,,,,,,,,,,,,,,,,,,,,,,,,,,,,,,,,,,,,,0.42596218,0.587,11.806
03339000,,,,,,,,,,,,,,,,,,,,,,,,,,,,,,,,,,,,,,,,,,,,,,,,,,,,,,,,,,,,
03353637,0.83669573,0.715,1.428,0.027324852,0.001,0.812,0.3251032,0.124,3.377,-7.682503,0.053,1.951,0.32562822,0.127,9.598,0.5198898,0.322,6.156,0.71036154,0.655,0.438,0.32287472,0.108,7.034,-0.0055614193,0.003,0.61,0.53404796,0.679,17.439,,,,,,,,,,,,,,,,0.034464434,0.013,13.152,-0.22057252,0.008,11.374,,,,0.25041285,0.112,1.892,0.24189495,0.194,44.079
03376350,,,,,,,,,,,,,,,,,,,,,,,,,,,,,,,,,,,,,,,,,,,,,,,,,,,,,,,,,,0.5346183,0.452,5.689
03497300,0.76733917,0.714,3.364,,,,,,,,,,,,,,,,,,,,,,,,,,,,,,,0.34106082,0.228,3.044,0.2775846,0.203,3.668,-0.072115086,0.0,0.395,-0.056584716,0.021,2.615,0.013589185,0.048,1.893,0.26238266,0.244,6.597,-0.037952103,0.001,1.56,,,,,,
04063700,0.8951941,0.84,1.604,0.50365543,0.302,0.861,,,,,,,,,,,,,,,,0.45415118,0.287,10.673,,,,,,,,,,0.55021125,0.353,2.381,0.59272945,0.402,1.342,0.56974113,0.336,0.759,0.41921085,0.238,4.066,0.618047,0.398,6.461,0.64432514,0.438,10.41,0.81073624,0.713,0.932,,,,,,
04072150,,,,,,,,,,,,,,,,,,,,,,,,,,,,0.40077138,0.257,6.459,,,,,,,,,,,,,,,,,,,,,,,,,,,,,,
04073462,,,,,,,,,,,,,,,,,,,,,,,,,,,,0.17455107,0.181,1.024,,,,,,,,,,,,,,,,,,,,,,,,,,,,0.15893298,0.159,2.558
04073468,,,,,,,,,,,,,,,,,,,,,,,,,,,,0.35416836,0.28,0.064,,,,,,,,,,,,,,,,,,,,,,,,,,,,-0.0014570463,0.084,7.986
04077630,,,,,,,,,,,,,,,,,,,,,,,,,,,,,,,,,,,,,,,,,,,,,,,,,,,,,,,,,,,,
04084445,,,,,,,,,,,,,,,,,,,,,,,,,,,,,,,,,,,,,,,,,,,,,,,,,,,,,,,,,,0.13618967,0.166,4.397
04085119,,,,,,,,,,,,,,,,,,,,,,,,,,,,0.64407754,0.491,4.286,,,,,,,,,,,,,,,,,,,,,,,,,0.44356033,0.532,3.915,,,
40851325,,,,,,,,,,,,,,,,,,,,,,,,,,,,0.43772763,0.288,12.224,,,,,,,,,,,,,,,,,,,,,,,,,,,,,,
40851385,,,,,,,,,,,,,,,,,,,0.35567865,0.495,3.138,,,,0.24772927,0.296,36.376,0.5714618,0.601,1.809,,,,,,,,,,,,,,,,0.39146957,0.277,1.374,,,,,,,0.2300686,0.238,10.794,,,
04085427,,,,,,,,,,,,,,,,,,,,,,,,,,,,,,,,,,,,,,,,,,,,,,,,,,,,,,,,,,,,
04087000,,,,,,,,,,,,,,,,,,,,,,,,,,,,0.2610723,0.215,1.555,,,,,,,,,,,,,,,,,,,,,,,,,,,,,,
04087120,,,,,,,,,,,,,,,,,,,,,,,,,,,,0.008344421,0.054,17.887,,,,,,,,,,,,,,,,0.41688228,0.283,2.064,,,,,,,,,,,,
04087170,,,,,,,,,,,,,,,,,,,,,,,,,,,,,,,,,,,,,,,,,,,,,,,,,,,,,,,,,,,,
04137500,0.96707714,0.964,1.478,0.14404248,0.033,1.066,0.9377917,0.906,0.719,0.022928346,0.012,0.437,,,,,,,0.28341,0.323,3.466,,,,,,,0.18941909,0.053,0.795,,,,,,,,,,,,,,,,,,,,,,,,,,,,,,
04161820,0.9163898,0.905,3.133,0.35827786,0.171,3.886,0.7423427,0.808,2.109,-0.5010759,0.009,0.591,0.13097678,0.135,6.23,,,,0.21690023,0.203,0.117,0.5973407,0.444,17.826,0.54244155,0.404,10.41,0.29469705,0.353,6.821,,,,,,,,,,,,,,,,0.4996936,0.314,3.633,0.41932395,0.323,1.137,,,,0.22951046,0.131,4.558,0.21714838,0.159,16.951
04165500,,,,,,,,,,,,,,,,,,,,,,,,,,,,,,,,,,,,,,,,,,,,,,,,,,,,,,,,,,,,
04176500,,,,,,,,,,,,,,,,,,,,,,,,,,,,,,,,,,,,,,,,,,,,,,,,,,,,,,,,,,,,
04178000,,,,,,,,,,,,,,,,,,,,,,,,,,,,,,,,,,,,,,,,,,,,,,,,,,,,,,,,,,,,
04183500,,,,,,,,,,,,,,,,0.4610234,0.4,5.581,0.3915678,0.367,3.261,,,,0.51581603,0.399,2.841,0.41876766,0.441,2.771,,,,,,,,,,,,,,,,,,,,,,,,,0.0055315215,0.047,9.304,,,
04186500,,,,,,,,,,,,,,,,0.69048786,0.591,13.082,0.48855904,0.517,3.554,,,,0.66544414,0.625,5.015,0.46130404,0.468,1.798,,,,,,,,,,,,,,,,,,,,,,,,,0.22221205,0.179,23.865,0.31306466,0.379,6.723
04188496,,,,,,,,,,,,,,,,0.57300735,0.45,3.689,0.6422718,0.526,6.947,,,,0.70937586,0.565,10.041,0.68905795,0.557,14.492,,,,,,,,,,,,,,,,0.7654701,0.623,9.536,,,,,,,0.25442824,0.208,2.927,0.6449927,0.559,18.216
04191500,,,,,,,,,,,,,,,,0.4525515,0.417,1.323,0.51301014,0.539,2.876,,,,0.70534325,0.592,4.021,0.55599886,0.654,0.659,,,,,,,,,,,,,,,,,,,,,,,,,0.1460701,0.113,28.763,0.4018685,0.533,5.309
04192500,,,,,,,,,,,,,,,,0.44075432,0.306,3.873,0.5220284,0.374,0.697,,,,0.5961641,0.527,7.475,0.64158916,0.6,0.5,,,,,,,,,,,,,,,,,,,,,,,,,0.061675146,0.068,14.224,0.54706264,0.669,7.854
04193500,0.9078053,0.898,5.982,0.03535928,0.045,1.265,0.45388293,0.282,2.237,-0.21097267,0.024,1.506,0.4476928,0.305,1.459,0.5463792,0.51,1.755,0.16933218,0.108,0.496,0.56771946,0.534,1.12,0.4919926,0.31,1.353,0.4560405,0.589,1.949,,,,0.29508662,0.154,0.783,-0.037074596,0.007,0.153,,,,,,,0.51163363,0.511,0.319,0.27290738,0.241,1.619,,,,0.0969958,0.15,23.784,0.49129745,0.645,8.605
04197100,,,,,,,,,,,,,,,,0.79589164,0.775,0.003,,,,,,,,,,0.7565704,0.662,9.806,,,,,,,,,,,,,,,,0.5581971,0.429,2.9,,,,,,,,,,,,
04198000,,,,,,,,,,,,,,,,0.6085805,0.574,1.875,,,,,,,,,,0.5867902,0.601,2.019,,,,,,,,,,,,,,,,0.6299699,0.593,0.267,,,,,,,,,,0.53754,0.645,11.902
04199000,,,,,,,,,,,,,,,,0.5632816,0.576,0.218,,,,,,,,,,0.4846141,0.449,3.377,,,,,,,,,,,,,,,,0.70197505,0.578,0.771,,,,,,,,,,,,
04208000,,,,,,,,,,,,,,,,0.42169607,0.345,2.288,,,,,,,,,,0.24013114,0.245,1.873,,,,,,,,,,,,,,,,0.24574304,0.232,3.862,,,,,,,,,,0.34423593,0.433,8.429
04212100,,,,,,,,,,,,,,,,0.45166484,0.443,0.195,,,,,,,,,,0.44390595,0.382,8.629,,,,,,,,,,,,,,,,0.70378333,0.668,0.401,,,,,,,,,,,,
04213500,,,,,,,,,,,,,,,,,,,,,,,,,,,,,,,,,,,,,,,,,,,,,,,,,,,,,,,,,,,,
422026250,,,,0.53149337,0.332,3.564,,,,,,,,,,0.08412841,0.053,3.351,0.30349594,0.155,6.53,,,,0.7783212,0.691,4.081,0.608661,0.464,6.119,,,,,,,,,,,,,,,,0.5926395,0.503,4.103,-0.12596826,0.001,2.987,,,,0.49769953,0.426,14.403,,,
04229500,,,,,,,,,,,,,,,,0.66728115,0.503,1.904,0.46672547,0.404,3.405,,,,0.5282396,0.474,0.503,0.29463035,0.243,3.709,,,,,,,,,,,,,,,,0.5351802,0.366,1.381,0.4542767,0.399,3.87,,,,0.22756016,0.17,0.057,,,
04230500,,,,0.6669983,0.577,0.73,,,,,,,,,,0.8027692,0.76,0.04,0.5147056,0.457,0.272,,,,0.37492812,0.374,11.274,0.28407913,0.299,8.491,,,,,,,,,,,,,,,,0.5588133,0.374,3.127,0.75659025,0.675,2.228,,,,0.37489864,0.3,5.613,,,
04231000,,,,,,,,,,,,,,,,0.7441106,0.592,2.362,0.26287103,0.207,1.579,,,,0.40569085,0.558,17.824,0.2350289,0.222,11.388,,,,,,,,,,,,,,,,0.6019318,0.423,0.197,0.679736,0.66,3.544,,,,-0.050366506,0.074,14.485,,,
04232034,,,,,,,,,,,,,,,,0.08581953,0.038,2.277,0.13179459,0.134,5.524,,,,0.16876045,0.24,4.647,0.075835064,0.13,2.635,,,,,,,,,,,,,,,,0.38415194,0.259,3.392,0.42876402,0.378,2.359,,,,-0.1367261,0.017,2.54,,,
04232050,,,,,,,,,,,,,,,,0.50688547,0.366,2.108,0.2539264,0.208,2.914,,,,0.42159796,0.398,4.199,0.14550804,0.149,2.576,,,,,,,,,,,,,,,,0.52185565,0.489,0.696,0.32855406,0.308,0.781,,,,-0.04132529,0.065,10.128,,,
423205010,,,,0.33421215,0.344,0.298,,,,,,,,,,0.40639183,0.32,1.984,0.33343422,0.289,2.303,,,,0.5126944,0.425,1.581,0.28018087,0.254,3.022,,,,,,,,,,,,,,,,0.38183442,0.318,0.337,0.42297235,0.388,1.89,,,,0.21139976,0.189,2.702,,,
05014300,,,,,,,,,,,,,,,,,,,,,,,,,,,,,,,,,,,,,,,,,,,,,,,,,,,,,,,,,,,,
05124480,0.94230986,0.898,2.095,,,,,,,,,,,,,,,,,,,0.7093159,0.571,15.768,,,,,,,0.525707,0.278,2.238,0.12273828,0.016,1.932,0.36951825,0.152,3.386,0.087004855,0.011,5.463,-0.017643262,0.005,2.457,0.7260481,0.615,7.077,0.3070649,0.156,6.346,0.66266125,0.462,0.01,,,,,,
05287890,0.94471246,0.9,1.686,0.4562796,0.22,0.985,0.54178065,0.319,3.676,-1.9720137,0.003,0.749,,,,0.47310886,0.27,6.821,0.81623834,0.706,5.856,0.34855336,0.239,35.207,,,,0.5928752,0.533,2.35,,,,,,,,,,,,,,,,0.66051257,0.506,6.648,,,,,,,0.3711989,0.275,7.465,,,
05288705,0.86907697,0.851,0.556,0.41264758,0.377,0.722,0.69717276,0.659,4.352,-2.2825441,0.007,0.031,0.28380814,0.252,8.086,0.2899258,0.119,1.53,0.25705877,0.123,6.959,0.5978426,0.439,3.106,0.42931816,0.289,4.168,0.08032942,0.068,6.73,,,,,,,,,,,,,,,,0.36598232,0.224,4.257,0.49777326,0.349,7.861,,,,0.35115454,0.277,5.955,0.30272982,0.224,37.289
05325000,0.895245,0.868,0.322,,,,,,,,,,,,,,,,,,,,,,,,,,,,,,,,,,,,,,,,,,,,,,,,,,,,,,,0.32702518,0.279,4.808
05406500,,,,,,,,,,,,,,,,,,,,,,,,,,,,,,,,,,,,,,,,,,,,,,,,,,,,,,,,,,,,
05413500,,,,,,,,,,,,,,,,,,,,,,,,,,,,,,,,,,,,,,,,,,,,,,,,,,,,,,,,,,0.40251443,0.524,2.486
05424000,,,,,,,,,,,,,,,,,,,,,,,,,,,,0.6084413,0.651,7.49,,,,,,,,,,,,,,,,,,,,,,,,,,,,,,
05424057,,,,,,,,,,,,,,,,,,,,,,,,,,,,0.6363528,0.439,7.092,,,,,,,,,,,,,,,,,,,,,,,,,,,,,,
05427718,,,,,,,,,,,,,,,,0.43402976,0.399,6.688,0.5228569,0.473,21.469,,,,0.6460368,0.703,11.599,0.54298484,0.574,1.646,,,,,,,,,,,,,,,,,,,,,,,,,0.15128514,0.439,77.58,0.27522323,0.366,0.509
05427850,,,,,,,,,,,,,,,,,,,,,,,,,0.06398635,0.101,4.006,0.43074644,0.302,5.695,,,,,,,,,,,,,,,,,,,,,,,,,,,,0.21901155,0.17,7.943
05427948,,,,,,,,,,,,,,,,0.761513,0.644,4.89,0.5420431,0.65,2.954,,,,0.49949637,0.463,8.176,0.5069408,0.48,0.356,,,,,,,,,,,,,,,,,,,,,,,,,0.42903194,0.298,23.363,0.599392,0.547,7.238
54310157,,,,,,,,,,,,,,,,0.463715,0.216,3.735,,,,,,,,,,0.23366308,0.176,5.595,,,,,,,,,,,,,,,,,,,,,,,,,,,,0.089239515,0.098,9.981
05431016,,,,,,,,,,,,,,,,,,,,,,,,,0.56803524,0.559,1.203,0.5107778,0.48,3.371,,,,,,,,,,,,,,,,,,,,,,,,,,,,0.12111176,0.136,1.962
05431017,,,,,,,,,,,,,,,,,,,,,,,,,0.6202904,0.546,2.967,0.50992936,0.457,1.693,,,,,,,,,,,,,,,,,,,,,,,,,,,,0.26021546,0.208,8.005
05431022,,,,,,,,,,,,,,,,,,,,,,,,,,,,0.52959883,0.347,17.666,,,,,,,,,,,,,,,,,,,,,,,,,,,,,,
05432695,,,,,,,,,,,,,,,,,,,,,,,,,,,,,,,,,,,,,,,,,,,,,,,,,,,,,,,,,,,,
05432927,,,,,,,,,,,,,,,,,,,,,,,,,,,,0.5615035,0.552,29.028,,,,,,,,,,,,,,,,,,,,,,,,,,,,0.5157532,0.465,18.27
05437500,,,,,,,,,,,,,,,,,,,,,,,,,,,,,,,,,,,,,,,,,,,,,,,,,,,,,,,,,,,,
05440000,0.9352617,0.889,2.921,-0.26495695,0.065,4.232,,,,,,,,,,,,,,,,,,,,,,,,,,,,,,,,,,,,,,,,,,,,,,,,,,,,,,
05446500,0.9592272,0.933,2.22,,,,,,,,,,,,,,,,,,,,,,,,,,,,,,,,,,,,,,,,,,,,,,,,,,,,,,,,,
05447500,0.9432872,0.914,2.234,,,,,,,,,,,,,,,,,,,,,,,,,,,,,,,,,,,,,,,,,,,,,,,,,,,,,,,,,
05451210,0.90397483,0.822,1.955,0.371444,0.144,0.513,0.459709,0.217,1.468,-2.7386901,0.0,1.759,0.4616012,0.242,7.755,0.596414,0.643,1.789,0.26710212,0.178,3.821,0.59794945,0.596,0.031,0.087341815,0.218,29.213,0.33718604,0.353,6.943,,,,,,,,,,,,,,,,0.19681202,0.066,2.761,-0.051843535,0.004,5.271,,,,0.066189565,0.118,24.148,0.32007074,0.415,0.331
05465500,0.9248962,0.894,0.426,0.4285289,0.274,1.772,0.58731765,0.369,0.193,0.05416738,0.005,0.635,0.35270897,0.258,2.753,0.565429,0.495,2.952,0.36036164,0.242,5.005,0.57824576,0.523,2.349,0.30555847,0.235,9.394,0.016041983,0.031,2.989,0.280918,0.171,9.081,0.37503567,0.289,3.508,0.23430201,0.116,3.16,0.4231499,0.344,6.297,0.078423,0.083,2.747,0.4473699,0.36,1.991,0.5657859,0.453,0.502,0.41403326,0.335,0.479,0.16125354,0.289,29.541,0.23336805,0.219,7.765
05474000,0.9236363,0.913,0.963,0.12901203,0.069,1.594,,,,,,,,,,,,,,,,,,,,,,,,,,,,,,,,,,,,,,,,,,,,,,,,,,,,0.46625027,0.454,3.895
05490500,0.918178,0.914,0.04,0.28824607,0.159,3.337,,,,,,,,,,,,,,,,,,,,,,,,,,,,,,,,,,,,,,,,,,,,,,,,,,,,,,
05500000,0.9034407,0.822,2.282,0.21321596,0.049,0.742,0.5149952,0.359,1.536,-1.4653642,0.0,2.957,,,,,,,,,,,,,,,,0.7241335,0.713,3.263,,,,,,,,,,,,,,,,,,,,,,,,,,,,,,
05514500,,,,,,,,,,,,,,,,,,,,,,,,,,,,,,,,,,,,,,,,,,,,,,,,,,,,,,,,,,,,
05520500,0.9354359,0.903,2.385,-0.062227666,0.004,1.131,0.61462134,0.497,4.966,-0.083157584,0.004,1.351,,,,,,,,,,,,,,,,,,,,,,,,,,,,,,,,,,,,,,,,,,,,,,,,
05525000,,,,,,,,,,,,,,,,,,,,,,,,,,,,,,,,,,,,,,,,,,,,,,,,,,,,,,,,,,,,
05525500,0.7972513,0.843,5.522,-0.16505513,0.027,1.08,0.63488513,0.424,0.358,-1.582148,0.05,2.135,,,,,,,,,,,,,,,,,,,,,,,,,,,,,,,,,,,,,,,,,,,,,,,,
05526000,0.9000385,0.889,1.484,-0.034338467,0.001,0.171,,,,-0.4728516,0.102,2.01,,,,,,,,,,,,,,,,,,,,,,,,,,,,,,,,,,,,,,,,,,,,,,,,
05527500,,,,,,,,,,,,,,,,,,,,,,,,,,,,,,,,,,,,,,,,,,,,,,,,,,,,,,,,,,,,
05527900,,,,,,,,,,,,,,,,,,,,,,,,,,,,,,,,,,,,,,,,,,,,,,,,,,,,,,,,,,0.101353124,0.111,17.776
05527905,,,,,,,,,,,,,,,,,,,,,,,,,,,,,,,,,,,,,,,,,,,,,,,,,,,,,,,,,,0.36970237,0.261,5.71
05527910,,,,,,,,,,,,,,,,,,,,,,,,,,,,,,,,,,,,,,,,,,,,,,,,,,,,,,,,,,0.15984708,0.084,25.613
05531500,0.91033876,0.879,2.784,0.4123649,0.238,7.08,0.6363433,0.491,0.895,-0.5878413,0.085,1.427,0.35792363,0.226,2.683,,,,0.31747758,0.199,1.159,,,,,,,0.17253327,0.14,3.195,,,,,,,,,,,,,,,,0.5837657,0.423,1.353,0.39435363,0.243,2.683,,,,,,,,,
05532500,0.900965,0.871,3.136,,,,,,,,,,,,,,,,,,,,,,,,,,,,,,,,,,,,,,,,,,,,,,,,,,,,,,,0.23799442,0.375,8.858
05540275,0.87559354,0.841,8.678,0.33060104,0.153,3.364,,,,,,,,,,,,,,,,,,,,,,,,,,,,,,,,,,,,,,,,,,,,,,,,,,,,,,
05541710,,,,,,,,,,,,,,,,,,,,,,,,,,,,,,,,,,,,,,,,,,,,,,,,,,,,,,,,,,,,
05542000,,,,,,,,,,,,,,,,,,,,,,,,,,,,,,,,,,,,,,,,,,,,,,,,,,,,,,,,,,,,
05543500,,,,,,,,,,,,,,,,,,,,,,,,,,,,,,,,,,,,,,,,,,,,,,,,,,,,,,,,,,0.37487575,0.412,8.873
05552500,,,,,,,,,,,,,,,,,,,,,,,,,,,,,,,,,,,,,,,,,,,,,,,,,,,,,,,,,,0.10426403,0.142,8.042
05555300,0.9465241,0.904,1.594,,,,,,,,,,,,,,,,,,,,,,,,,,,,,,,,,,,,,,,,,,,,,,,,,,,,,,,,,
05556500,0.9339716,0.879,0.937,,,,,,,-1.2497733,0.017,2.419,,,,,,,,,,,,,,,,,,,,,,,,,,,,,,,,,,,,,,,,,,,,,,,,
05570000,,,,,,,,,,,,,,,,,,,,,,,,,,,,,,,,,,,,,,,,,,,,,,,,,,,,,,,,,,0.16753574,0.138,5.516
05572000,,,,,,,,,,,,,,,,,,,,,,0.86268985,0.761,2.25,0.70142865,0.867,6.852,,,,,,,,,,,,,,,,,,,,,,,,,,,,-0.044327397,0.078,18.597,,,
05584500,0.9376151,0.891,0.84,-0.13272248,0.002,6.22,0.7133533,0.588,4.936,-0.98321164,0.063,1.774,,,,0.69280046,0.569,1.234,0.38187122,0.258,3.979,,,,,,,0.44394118,0.319,5.605,,,,,,,,,,,,,,,,,,,0.52907014,0.393,2.406,,,,,,,,,
05587480,,,,,,,,,,,,,,,,,,,,,,,,,,,,,,,,,,,,,,,,,,,,,,,,,,,,,,,,,,0.4908415,0.48,28.132
05588720,,,,,,,,,,,,,,,,,,,,,,,,,,,,,,,,,,,,,,,,,,,,,,,,,,,,,,,,,,,,
06259000,,,,,,,,,,,,,,,,,,,,,,,,,,,,,,,,,,,,,,,,,,,,,,,,,,,,,,,,,,,,
06279500,0.9330441,0.892,1.835,0.2933626,0.212,3.055,,,,,,,,,,,,,,,,,,,,,,,,,,,,,,,,,,,,,,,,,,,,,,,,,,,,,,
06299980,,,,,,,,,,,,,,,,,,,,,,,,,,,,,,,,,,,,,,,,,,,,,,,,,,,,,,,,,,,,
06305500,,,,,,,,,,,,,,,,,,,,,,,,,,,,,,,,,,,,,,,,,,,,,,,,,,,,,,,,,,,,
06306250,,,,,,,,,,,,,,,,,,,,,,,,,,,,,,,,,,,,,,,,,,,,,,,,,,,,,,,,,,,,
06306300,0.9336437,0.882,2.535,0.5823446,0.514,1.096,,,,-0.7524541,0.0,0.286,0.175394,0.123,1.752,,,,,,,,,,,,,,,,,,,0.7626254,0.68,4.093,0.68480563,0.661,5.856,0.5373775,0.548,8.539,0.4464816,0.444,3.015,0.72861713,0.625,2.395,0.58044755,0.548,8.458,0.379755,0.355,1.902,,,,,,
06307500,0.9191438,0.904,3.38,0.6742858,0.622,1.118,,,,,,,,,,,,,,,,,,,,,,,,,,,,,,,,,,,,,,,,,,,,,,,,,,,,,,
06307616,0.9157695,0.841,0.133,0.631543,0.48,0.854,,,,,,,,,,,,,,,,,,,,,,,,,,,,,,,,,,,,,,,,,,,,,,,,,,,,,,
06308500,0.8753177,0.861,0.997,0.2913219,0.212,5.357,,,,,,,,,,,,,,,,,,,,,,,,,,,,,,,,,,,,,,,,,,,,,,,,,,,,,,
06313500,0.900082,0.882,7.909,0.6796959,0.608,3.453,0.74621534,0.652,2.217,-0.7623034,0.124,2.637,0.24335195,0.145,3.294,,,,,,,,,,,,,,,,,,,0.4244611,0.281,0.813,0.60789216,0.461,2.542,0.67027414,0.662,0.703,0.8909995,0.82,5.334,0.6455905,0.686,0.713,0.56746376,0.453,0.175,0.33889443,0.263,0.3,,,,,,
06316400,,,,,,,,,,,,,,,,,,,,,,,,,,,,,,,,,,,,,,,,,,,,,,,,,,,,,,,,,,,,
06317000,0.91927654,0.864,3.894,0.51301694,0.458,3.568,0.68231755,0.468,0.618,-1.3469379,0.006,1.049,0.3978032,0.405,8.359,,,,,,,,,,,,,,,,,,,0.21900311,0.192,3.73,0.35855228,0.348,6.35,0.42194217,0.507,6.181,0.41680932,0.538,2.808,0.408711,0.476,8.231,0.41621754,0.431,4.738,0.5057456,0.426,0.491,,,,,,
06324000,,,,,,,,,,,,,,,,,,,,,,,,,,,,,,,,,,,,,,,,,,,,,,,,,,,,,,,,,,,,
06324500,0.9260568,0.879,1.903,0.48821518,0.43,2.738,0.65960366,0.441,1.712,-1.648644,0.005,1.668,0.5121889,0.481,7.917,,,,0.41449434,0.339,15.3,0.60236734,0.557,4.921,0.38545877,0.329,8.873,0.36605698,0.379,0.707,,,,0.369689,0.191,2.712,0.40803248,0.425,4.429,0.41526937,0.451,6.857,0.41903028,0.35,4.729,0.5373739,0.58,8.467,0.35762927,0.374,5.356,0.6376182,0.559,3.992,0.40263858,0.45,11.838,0.22296804,0.268,13.23
06324970,0.91025835,0.845,1.074,0.11543027,0.021,7.781,0.40611047,0.337,7.831,-6.853517,0.005,3.274,,,,,,,,,,,,,,,,,,,,,,0.1558461,0.037,0.044,0.13658813,0.038,1.901,0.28697506,0.123,4.159,-0.040078353,0.001,3.702,0.43807468,0.415,6.391,0.09402475,0.025,2.073,0.2703166,0.081,5.852,,,,,,
06326500,0.89453703,0.9,4.643,0.29308733,0.245,1.338,,,,-3.0936506,0.038,0.839,0.4444808,0.279,19.958,,,,,,,,,,,,,,,,,,,0.09559257,0.082,5.623,0.21706833,0.198,1.486,0.32305467,0.253,0.616,0.2245383,0.093,0.029,0.5759758,0.469,2.578,0.1947443,0.186,1.89,-0.030565448,0.014,0.922,,,,0.27082288,0.454,52.601
06426500,0.81835467,0.766,6.981,0.27721646,0.09,14.964,0.38248897,0.172,13.877,-4.1104174,0.0,7.466,0.642812,0.432,0.821,,,,,,,0.687861,0.77,21.662,0.5905316,0.602,23.223,,,,,,,0.52163965,0.306,17.094,0.46586883,0.258,18.842,0.047734287,0.005,19.618,0.21407124,0.062,17.37,0.28989407,0.213,19.264,0.24596561,0.075,17.659,0.68732536,0.577,3.526,0.17496079,0.367,39.576,,,
06436180,0.8452908,0.807,7.635,0.43401372,0.305,0.628,,,,,,,,,,,,,,,,,,,,,,,,,,,,,,,,,,,,,,,,,,,,,,,,,,,,,,
06436198,0.8680785,0.788,4.655,0.4650862,0.316,2.985,,,,,,,,,,,,,,,,,,,,,,,,,,,,,,,,,,,,,,,,,,,,,,,,,,,,0.2712605,0.49,27.969
06437000,0.92814744,0.912,5.141,0.7172219,0.711,4.065,,,,,,,,,,,,,,,,,,,,,,,,,,,,,,,,,,,,,,,,,,,,,,,,,,,,,,
06441500,0.8165455,0.731,10.694,0.27747637,0.094,15.068,,,,,,,,,,,,,,,,,,,,,,,,,,,,,,,,,,,,,,,,,,,,,,,,,,,,0.5484132,0.469,32.321
06452000,0.8914062,0.812,0.884,-0.24635626,0.059,4.542,,,,,,,,,,,,,,,,,,,,,,,,,,,,,,,,,,,,,,,,,,,,,,,,,,,,0.51995337,0.656,10.384
06461500,,,,,,,,,,,,,,,,,,,,,,,,,,,,,,,,,,,,,,,,,,,,,,,,,,,,,,,,,,,,
06630000,0.90455437,0.89,6.236,0.4043055,0.245,4.133,,,,,,,,,,,,,,,,,,,,,,,,,,,,,,,,,,,,,,,,,,,,,,,,,,,,,,
06713500,0.8710371,0.788,4.274,0.4760522,0.258,3.894,0.68874353,0.476,0.822,-1.9391108,0.0,0.249,0.06299508,0.03,9.11,,,,0.48511505,0.263,15.931,0.5220423,0.697,0.213,0.6696523,0.723,1.069,0.76555216,0.707,8.074,,,,,,,,,,,,,,,,0.46731105,0.259,7.077,0.20838273,0.052,2.735,,,,0.11756489,0.09,28.264,0.31520322,0.386,5.039
06714000,,,,,,,,,,,,,,,,,,,,,,,,,,,,,,,,,,,,,,,,,,,,,,,,,,,,,,,,,,,,
06733000,,,,,,,,,,,,,,,,,,,,,,,,,,,,,,,,,,,,,,,,,,,,,,,,,,,,,,,,,,,,
06735500,,,,,,,,,,,,,,,,,,,,,,,,,,,,,,,,,,,,,,,,,,,,,,,,,,,,,,,,,,,,
06741510,0.89564276,0.825,4.747,0.74328333,0.696,5.248,0.6042962,0.372,3.214,-2.189191,0.028,3.162,0.49641895,0.257,6.377,,,,0.39530307,0.262,3.366,,,,0.35619056,0.178,8.534,,,,,,,0.7847394,0.784,3.878,0.69750357,0.678,3.371,,,,,,,,,,,,,,,,0.37257218,0.316,8.611,,,
06752260,0.8480067,0.834,6.811,0.7713439,0.723,0.197,0.4120727,0.281,0.032,-3.1760383,0.065,0.083,0.69826645,0.514,9.545,,,,,,,0.721179,0.544,3.917,,,,,,,,,,0.80991375,0.765,0.606,0.8196428,0.773,0.655,,,,,,,,,,,,,,,,0.2725017,0.325,13.919,,,
06752280,0.883423,0.837,7.804,0.7802499,0.782,7.229,0.45593315,0.21,1.411,-2.1075761,0.001,2.986,0.22357881,0.169,10.858,,,,,,,0.71333134,0.675,13.263,0.18544754,0.091,25.263,,,,,,,0.79799765,0.752,6.637,0.7466712,0.707,5.195,,,,,,,,,,,,,,,,0.55685294,0.466,15.935,,,
06754000,,,,,,,,,,,,,,,,,,,,,,,,,,,,,,,,,,,,,,,,,,,,,,,,,,,,,,,,,,,,
06784000,0.9340181,0.876,0.463,0.08055174,0.053,2.593,0.53363,0.465,0.965,0.18371725,0.094,0.071,,,,,,,,,,,,,,,,,,,,,,,,,,,,,,,,,,,,,,,,,,,,,,,,
06785000,,,,,,,,,,,,,,,,,,,,,,,,,,,,,,,,,,,,,,,,,,,,,,,,,,,,,,,,,,,,
06790500,,,,,,,,,,,,,,,,,,,,,,,,,,,,,,,,,,,,,,,,,,,,,,,,,,,,,,,,,,,,
06800000,0.92121553,0.876,1.846,0.6680748,0.491,0.767,0.5376637,0.397,3.811,-0.22314401,0.001,0.026,0.43718168,0.338,1.843,0.78895706,0.691,1.165,0.353285,0.199,22.218,0.782763,0.727,2.612,0.43280563,0.23,7.426,0.54861045,0.407,21.14,,,,0.4963389,0.273,4.311,0.39245832,0.165,4.058,0.37256327,0.162,1.49,0.25778332,0.149,6.959,0.4831626,0.321,3.592,0.38281652,0.233,3.046,0.6799067,0.509,5.303,0.45868987,0.463,26.366,0.41483438,0.511,9.268
06800500,0.91450524,0.86,2.452,0.22173062,0.145,2.55,0.4536788,0.347,6.44,-0.7895376,0.135,1.112,0.35390663,0.178,17.981,0.19933756,0.219,8.987,0.2784331,0.14,27.429,0.6761513,0.538,1.517,0.112436056,0.064,0.11,0.109113686,0.182,5.823,,,,0.28974086,0.192,0.688,0.29761636,0.17,3.829,0.05262145,0.03,0.973,,,,0.10353584,0.167,1.017,0.160046,0.125,7.825,,,,0.4890037,0.406,11.576,0.3384401,0.466,18.619
06817700,,,,,,,,,,,,,,,,,,,,,,,,,,,,,,,,,,,,,,,,,,,,,,,,,,,,,,,,,,,,
06880800,,,,0.6067704,0.48,7.061,,,,0.11758862,0.014,2.16,,,,,,,,,,,,,,,,,,,,,,,,,,,,,,,,,,,,,,,,,,,,,,,,
06885500,0.8825336,0.85,1.838,0.42445177,0.221,0.829,,,,,,,,,,,,,,,,,,,,,,,,,,,,,,,,,,,,,,,,,,,,,,,,,,,,0.49883708,0.525,14.299
06887000,,,,,,,,,,,,,,,,,,,,,,,,,,,,,,,,,,,,,,,,,,,,,,,,,,,,,,,,,,,,
06902000,0.9173938,0.917,2.723,0.35978132,0.381,2.182,0.67200255,0.508,0.489,-0.37684757,0.036,0.502,0.28318685,0.15,0.491,0.48116055,0.475,6.367,0.42160922,0.519,6.145,0.5252761,0.333,0.811,0.03375328,0.153,20.425,0.5146809,0.618,5.643,,,,,,,,,,,,,,,,,,,,,,,,,0.47084033,0.239,7.17,,,
06905500,,,,,,,,,,,,,,,,,,,,,,,,,,,,,,,,,,,,,,,,,,,,,,,,,,,,,,,,,,,,
06906300,,,,,,,,,,,,,,,,,,,,,,,,,,,,,,,,,,,,,,,,,,,,,,,,,,,,,,,,,,,,
06918070,,,,,,,,,,,,,,,,,,,,,,,,,,,,,,,,,,,,,,,,,,,,,,,,,,,,,,,,,,,,
06921070,,,,,,,,,,,,,,,,,,,,,,,,,,,,,,,,,,,,,,,,,,,,,,,,,,,,,,,,,,,,
06926510,,,,,,,,,,,,,,,,,,,,,,,,,,,,,,,,,,,,,,,,,,,,,,,,,,,,,,,,,,,,
07014500,0.90044594,0.883,3.252,0.4695734,0.282,0.335,0.6677104,0.616,0.727,-0.20443617,0.004,0.497,0.0011613714,0.039,9.908,0.27555487,0.223,2.998,0.6847407,0.54,7.407,,,,,,,0.45827764,0.421,1.121,,,,,,,,,,,,,,,,,,,,,,,,,,,,,,
07018100,,,,,,,,,,,,,,,,,,,,,,,,,,,,,,,,,,,,,,,,,,,,,,,,,,,,,,,,,,,,
07036100,,,,,,,,,,,,,,,,,,,,,,,,,,,,,,,,,,,,,,,,,,,,,,,,,,,,,,,,,,,,
07040000,,,,,,,,,,,,,,,,,,,,,,,,,,,,,,,,,,,,,,,,,,,,,,,,,,,,,,,,,,,,
07040100,,,,,,,,,,,,,,,,,,,,,,,,,,,,,,,,,,,,,,,,,,,,,,,,,,,,,,,,,,,,
07040450,,,,,,,,,,,,,,,,,,,,,,,,,,,,,,,,,,,,,,,,,,,,,,,,,,,,,,,,,,,,
07047942,0.90294456,0.825,1.247,0.6138122,0.499,5.489,0.6211832,0.427,1.63,0.005213989,0.019,0.007,,,,,,,,,,,,,,,,,,,,,,,,,,,,,,,,,,,,,,,,,,,,,,0.039812483,0.175,11.194
07048550,,,,,,,,,,,,,,,,,,,,,,,,,,,,,,,,,,,,,,,,,,,,,,,,,,,,,,,,,,,,
07048600,,,,,,,,,,,,,,,,,,,,,,,,,,,,,,,,,,,,,,,,,,,,,,,,,,,,,,,,,,,,
07050500,,,,,,,,,,,,,,,,,,,,,,,,,,,,,,,,,,,,,,,,,,,,,,,,,,,,,,,,,,,,
07052152,,,,,,,,,,,,,,,,,,,,,,,,,,,,,,,,,,,,,,,,,,,,,,,,,,,,,,,,,,,,
07052250,,,,,,,,,,,,,,,,,,,,,,,,,,,,,,,,,,,,,,,,,,,,,,,,,,,,,,,,,,,,
07052345,,,,,,,,,,,,,,,,,,,,,,,,,,,,,,,,,,,,,,,,,,,,,,,,,,,,,,,,,,,,
07052500,,,,,,,,,,,,,,,,,,,,,,,,,,,,,,,,,,,,,,,,,,,,,,,,,,,,,,,,,,,,
07053250,,,,,,,,,,,,,,,,,,,,,,,,,,,,,,,,,,,,,,,,,,,,,,,,,,,,,,,,,,,,
07056000,,,,,,,,,,,,,,,,,,,,,,,,,,,,,,,,,,,,,,,,,,,,,,,,,,,,,,,,,,,,
07060500,0.634055,0.424,1.841,-0.1045873,0.011,4.775,0.658046,0.491,2.899,-0.3125808,0.0,2.111,,,,,,,,,,0.35600227,0.421,0.36,,,,,,,,,,0.013599458,0.001,2.682,-0.44620606,0.085,2.414,0.2646248,0.161,6.74,0.28931463,0.214,1.318,0.39101806,0.26,3.284,0.47418723,0.239,0.518,,,,0.3253867,0.399,5.123,0.26623526,0.274,5.19
07060710,0.8423979,0.777,2.397,-0.35198566,0.02,1.782,0.35965297,0.134,3.732,-2.922282,0.007,0.036,-0.16990827,0.028,16.585,,,,,,,0.44479758,0.203,3.32,0.53105706,0.322,7.247,0.30193314,0.281,7.099,,,,-0.35387552,0.034,3.478,0.12747593,0.033,3.033,0.30813393,0.109,1.417,-0.27503216,0.026,7.314,0.1367787,0.04,6.124,0.6001338,0.479,2.166,0.30595544,0.302,2.597,0.13489753,0.243,17.83,0.43945545,0.369,3.666
07068000,0.8733358,0.848,4.803,0.06890735,0.114,0.624,0.39897063,0.369,4.956,-0.017567385,0.0,0.25,0.14024448,0.167,4.342,0.22330226,0.176,2.073,0.18480042,0.182,13.166,0.36076003,0.369,8.516,0.22906029,0.377,17.959,0.37731692,0.397,10.133,,,,,,,,,,,,,,,,,,,,,,,,,0.43553877,0.415,5.935,,,
07071500,,,,,,,,,,,,,,,,,,,,,,,,,,,,,,,,,,,,,,,,,,,,,,,,,,,,,,,,,,,,
07083000,,,,0.47641465,0.228,1.54,,,,,,,,,,-0.09043912,0.033,3.255,,,,,,,,,,,,,,,,0.79837906,0.645,0.287,0.83724684,0.719,0.082,0.8677773,0.758,0.514,,,,,,,,,,0.8689805,0.758,0.757,,,,,,
07097000,,,,0.6085636,0.417,1.535,,,,,,,,,,,,,,,,,,,,,,,,,,,,,,,,,,,,,,,,,,,,,,,,,,,,,,
07099400,,,,,,,,,,,,,,,,,,,,,,,,,,,,,,,,,,,,,,,,,,,,,,,,,,,,,,,,,,,,
07103700,0.8545263,0.827,4.365,0.33601955,0.228,4.794,0.70105284,0.524,2.113,-2.231704,0.125,1.761,,,,,,,,,,,,,,,,,,,,,,,,,,,,,,,,,,,,,0.10839884,0.064,11.864,,,,,,,-0.08095407,0.078,40.083
07103780,0.8291291,0.776,10.272,0.6300718,0.478,2.651,0.31830257,0.357,2.15,-3.3855667,0.036,1.286,,,,,,,,,,,,,,,,,,,,,,,,,,,,,,,,,,,,,0.42481196,0.211,0.438,,,,,,,,,
07103970,0.82569945,0.801,0.272,0.65958667,0.488,0.932,,,,,,,,,,,,,,,,,,,,,,,,,,,,,,,,,,,,,,,,,,,,,,,,,,,,0.28284803,0.209,6.553
07103990,0.7806515,0.698,7.135,0.42253533,0.197,4.347,,,,,,,,,,,,,,,,,,,,,,,,,,,,,,,,,,,,,,,,,,,,,,,,,,,,0.27092782,0.429,49.05
07104000,0.8569425,0.78,1.845,0.5444955,0.367,5.794,0.72446465,0.616,1.008,-0.9891779,0.043,0.736,,,,,,,,,,,,,,,,,,,,,,,,,,,,,,,,,,,,,0.33955055,0.162,0.017,,,,,,,,,
07104905,0.8528908,0.78,1.239,0.6326491,0.507,1.346,,,,,,,,,,,,,,,,,,,,,,,,,,,,,,,,,,,,,,,,,,,,,,,,,,,,0.47799248,0.401,16.93
07105500,0.8205832,0.773,6.036,0.5592657,0.509,0.399,0.74029773,0.549,2.256,-0.81035715,0.094,1.211,,,,,,,,,,,,,,,,,,,,,,,,,,,,,,,,,,,,,0.45093435,0.326,1.751,,,,,,,0.35549468,0.34,13.163
07105530,0.7941023,0.651,4.687,0.4724482,0.38,3.095,0.7383836,0.549,0.688,-1.1813141,0.012,1.742,,,,,,,,,,,,,,,,,,,,,,,,,,,,,,,,,,,,,,,,,,,,,,0.5634317,0.464,23.738
07105800,0.8355019,0.741,8.04,0.3354423,0.242,1.644,0.5721093,0.386,1.201,-1.4790736,0.131,1.986,,,,,,,,,,,,,,,,,,,,,,,,,,,,,,,,,,,,,,,,,,,,,,0.41003373,0.391,14.741
07106000,0.8763977,0.807,6.997,0.23132816,0.095,4.198,0.7676432,0.592,1.654,-2.6817129,0.034,3.308,,,,,,,,,,,,,,,,,,,,,,,,,,,,,,,,,,,,,,,,,,,,,,,,
07106300,0.87002736,0.767,0.217,0.55907726,0.465,0.741,0.6333167,0.415,1.712,-2.9308167,0.017,3.22,,,,,,,,,,,,,,,,,,,,,,,,,,,,,,,,,,,,,,,,,,,,,,,,
07106500,0.86423904,0.787,5.418,0.5099313,0.547,0.369,0.6226507,0.473,0.558,-1.5390972,0.03,2.328,,,,,,,,,,,,,,,,,,,,,,,,,,,,,,,,,,,,,,,,,,,,,,0.4840995,0.632,12.422
07109500,0.89931995,0.854,2.159,0.7757524,0.638,1.616,0.76514447,0.624,2.268,-0.71376705,0.001,1.04,,,,,,,,,,,,,,,,,,,,,,,,,,,,,,,,,,,,,,,,,,,,,,,,
07126300,,,,,,,,,,,,,,,,,,,,,,,,,,,,,,,,,,,,,,,,,,,,,,,,,,,,,,,,,,,,
07126485,,,,,,,,,,,,,,,,,,,,,,,,,,,,,,,,,,,,,,,,,,,,,,,,,,,,,,,,,,,,
07143672,0.92278355,0.855,0.279,0.70692843,0.654,11.677,0.6471021,0.67,2.701,-0.07150083,0.002,5.477,,,,,,,,,,,,,,,,,,,,,,,,,,,,,,,,,,,,,,,,,,,,,,,,
07144100,0.93506473,0.881,1.262,0.5799697,0.596,1.15,0.76723427,0.686,0.179,0.15411064,0.027,2.451,,,,,,,,,,0.35020974,0.191,2.989,0.45888305,0.359,12.339,0.55404097,0.439,5.242,,,,0.7648422,0.81,0.508,0.7662443,0.803,1.181,0.66570973,0.685,5.749,0.59706897,0.471,5.259,0.57519454,0.6,9.475,0.78555316,0.821,0.131,0.4476198,0.392,0.557,0.3893614,0.29,0.289,0.63839954,0.581,4.018
07144780,0.81077826,0.88,1.891,0.524591,0.481,2.407,,,,-0.58139634,0.2,0.035,,,,,,,,,,,,,,,,,,,,,,,,,,,,,,,,,,,,,,,,,,,,,,,,
07187000,,,,,,,,,,,,,,,,,,,,,,,,,,,,,,,,,,,,,,,,,,,,,,,,,,,,,,,,,,,,
07189000,0.8892032,0.878,4.055,0.3315684,0.133,2.456,0.5806264,0.434,1.481,-0.5466756,0.016,1.677,0.3185431,0.273,7.479,0.772254,0.677,2.349,0.32888517,0.328,8.957,0.77087665,0.742,3.756,0.62390447,0.674,31.638,0.23297378,0.2,3.025,,,,,,,,,,,,,,,,,,,,,,,,,0.73293734,0.634,5.692,,,
07191160,,,,,,,,,,,,,,,,,,,,,,,,,,,,,,,,,,,,,,,,,,,,,,,,,,,,,,,,,,,,
07191179,,,,,,,,,,,,,,,,,,,,,,,,,,,,,,,,,,,,,,,,,,,,,,,,,,,,,,,,,,,,
07191220,,,,,,,,,,,,,,,,,,,,,,,,,,,,,,,,,,,,,,,,,,,,,,,,,,,,,,,,,,,,
71912213,,,,,,,,,,,,,,,,,,,,,,,,,,,,,,,,,,,,,,,,,,,,,,,,,,,,,,,,,,,,
07191222,,,,,,,,,,,,,,,,,,,,,,,,,,,,,,,,,,,,,,,,,,,,,,,,,,,,,,,,,,,,
07194800,,,,,,,,,,,,,,,,,,,,,,,,,,,,,,,,,,,,,,,,,,,,,,,,,,,,,,,,,,,,
07195000,,,,,,,,,,,,,,,,,,,,,,,,,,,,,,,,,,,,,,,,,,,,,,,,,,,,,,,,,,,,
07195500,0.88240206,0.855,1.286,0.0067251776,0.058,8.333,0.7008166,0.491,0.089,-0.4194588,0.102,1.075,,,,0.6812243,0.496,6.016,0.60107327,0.676,10.335,0.4952534,0.423,9.859,0.6437684,0.567,10.835,0.62178564,0.662,12.602,,,,,,,,,,,,,,,,,,,,,,,,,0.37457067,0.339,9.426,,,
07196000,,,,,,,,,,,,,,,,,,,,,,,,,,,,,,,,,,,,,,,,,,,,,,,,,,,,,,,,,,,,
07196500,0.9211687,0.854,0.086,0.41695794,0.463,4.665,0.61183435,0.403,1.001,-0.3114333,0.093,1.087,,,,0.7601241,0.684,0.151,0.5844268,0.747,14.907,0.6298871,0.539,4.22,0.7361944,0.705,5.783,0.5704946,0.803,18.492,,,,,,,,,,,,,,,,,,,,,,,,,0.2838352,0.229,10.281,0.4492077,0.73,28.836
07196900,0.74590236,0.56,1.736,,,,0.35257778,0.137,3.319,-4.014146,0.024,0.493,,,,,,,,,,,,,,,,0.25720337,0.186,3.429,,,,,,,,,,,,,,,,0.0340691,0.004,7.384,0.08853323,0.168,6.555,,,,,,,,,
07197000,,,,,,,,,,,,,,,,,,,,,,,,,,,,,,,,,,,,,,,,,,,,,,,,,,,,,,,,,,,,
07227500,,,,,,,,,,,,,,,,,,,,,,,,,,,,,,,,,,,,,,,,,,,,,,,,,,,,,,,,,,,,
07239450,0.8402738,0.78,2.112,-0.05532227,0.004,5.813,0.5068498,0.313,1.564,-1.2616289,0.053,2.951,0.19440162,0.186,2.865,,,,,,,0.1868455,0.282,13.723,0.093273,0.099,1.972,,,,,,,,,,,,,,,,,,,,,,,,,,,,0.16083011,0.301,22.103,,,
07241000,0.79991627,0.641,1.236,0.15164328,0.024,3.582,0.4662727,0.273,0.683,-4.474779,0.021,0.282,0.09720607,0.13,9.398,,,,,,,0.4107467,0.274,4.459,0.15661432,0.053,0.33,,,,,,,,,,,,,,,,,,,,,,,,,,,,-0.15036535,0.001,3.164,,,
07241520,0.8972107,0.836,4.305,0.436563,0.271,2.39,0.37263942,0.23,1.216,-0.87179273,0.012,2.526,-0.17826411,0.0,7.595,,,,,,,0.5787855,0.533,6.447,0.5968942,0.608,7.143,,,,,,,,,,,,,,,,,,,,,,,,,,,,0.23681542,0.223,18.842,,,
07241550,0.9154896,0.874,4.751,0.50927365,0.438,0.026,0.33937797,0.258,4.525,0.27350742,0.099,1.357,0.47344112,0.39,35.593,0.3134973,0.197,1.319,0.31367257,0.232,5.514,0.6457421,0.594,7.953,0.61442524,0.631,9.252,0.36033037,0.318,1.254,,,,0.41523328,0.369,0.604,0.3171176,0.314,1.058,0.7159965,0.614,3.081,0.580645,0.409,4.308,0.72840214,0.66,2.01,0.29249895,0.268,5.307,,,,0.7219582,0.613,15.056,,,
07247015,0.8705229,0.77,0.268,0.18637733,0.083,0.323,0.7170129,0.553,2.539,-1.3221741,0.002,2.426,,,,0.43818635,0.22,2.659,0.4389727,0.228,6.28,,,,0.35144618,0.203,21.307,0.6231639,0.532,12.896,,,,,,,,,,,,,,,,,,,,,,,,,0.4160497,0.262,7.945,0.49477836,0.555,13.207
07249400,0.84025335,0.72,2.064,,,,0.5773819,0.426,4.197,-2.4420648,0.087,2.611,,,,,,,,,,,,,,,,0.3318329,0.659,23.036,,,,,,,,,,,,,,,,0.015907448,0.053,6.512,0.50555533,0.277,1.385,,,,,,,,,
07263295,,,,,,,,,,,,,,,,,,,,,,,,,,,,,,,,,,,,,,,,,,,,,,,,,,,,,,,,,,,,
07277700,0.8777661,0.827,1.98,0.2801707,0.18,1.529,,,,-0.3120748,0.097,0.528,,,,,,,,,,,,,,,,,,,,,,,,,,,,,,,,,,,,,,,,,,,,,,0.5181397,0.573,17.669
07281977,,,,,,,,,,,,,,,,,,,,,,,,,,,,,,,,,,,,,,,,,,,,,,,,,,,,,,,,,,,,
07287150,,,,,,,,,,,,,,,,,,,,,,,,,,,,,,,,,,,,,,,,,,,,,,,,,,,,,,,,,,0.46431002,0.504,44.433
07287160,,,,,,,,,,,,,,,,,,,,,,,,,,,,,,,,,,,,,,,,,,,,,,,,,,,,,,,,,,,,
07288650,0.8866848,0.79,1.272,0.6993472,0.608,5.688,0.48811525,0.274,3.825,-0.78635305,0.016,1.776,-0.005530575,0.001,21.578,,,,0.43550056,0.378,2.061,0.37918642,0.398,6.129,0.6204365,0.487,10.537,0.524927,0.542,3.374,,,,0.5726021,0.482,13.426,0.6077703,0.506,14.316,0.5754884,0.399,12.289,0.73119783,0.542,3.761,0.5837306,0.386,2.659,0.68019414,0.571,6.378,0.533948,0.413,8.664,0.20568654,0.218,8.712,0.40434965,0.468,14.984
728875070,,,,,,,,,,,,,,,,,,,,,,,,,,,,,,,,,,,,,,,,,,,,,,,,,,,,,,,,,,,,
07288955,0.9571778,0.942,0.674,0.3191258,0.257,5.22,0.7354092,0.653,1.884,-0.13362429,0.015,1.27,0.20642339,0.248,3.146,0.091705956,0.084,2.26,0.1417476,0.133,4.194,0.33825573,0.311,1.708,0.40012616,0.308,0.858,0.05363964,0.116,9.046,,,,0.21706058,0.269,8.385,0.16217104,0.21,9.476,0.18412472,0.14,3.852,0.097582296,0.099,4.494,0.19251218,0.159,3.643,0.25294036,0.325,3.859,0.19033872,0.177,2.435,0.27061692,0.237,8.642,0.0034949214,0.122,26.442
07311700,0.8331077,0.73,3.567,0.41071373,0.256,0.429,,,,,,,,,,,,,,,,,,,,,,,,,,,,,,,,,,,,,,,,,,,,,,,,,,,,,,
07311800,,,,,,,,,,,,,,,,,,,,,,,,,,,,,,,,,,,,,,,,,,,,,,,,,,,,,,,,,,,,
07312100,,,,,,,,,,,,,,,,,,,,,,,,,,,,,,,,,,,,,,,,,,,,,,,,,,,,,,,,,,,,
07331000,,,,,,,,,,,,,,,,,,,,,,,,,,,,,,,,,,,,,,,,,,,,,,,,,,,,,,,,,,,,
08028500,0.8993522,0.844,1.178,0.47884268,0.42,1.734,,,,,,,,,,,,,,,,,,,,,,,,,,,,,,,,,,,,,,,,0.37375018,0.235,3.143,0.5095263,0.376,1.703,,,,,,,,,
08057200,0.866503,0.826,1.329,0.3835655,0.188,0.364,0.5497367,0.406,1.335,-0.9228688,0.0,1.468,0.30947354,0.16,11.906,,,,0.42779744,0.239,0.94,0.27685645,0.296,0.662,0.44930384,0.399,6.783,0.41202128,0.324,3.503,,,,,,,,,,,,,,,,,,,,,,,,,-0.0130135305,0.094,4.66,,,
08057410,0.8449655,0.801,1.365,0.4834573,0.395,1.973,0.6997728,0.491,0.099,-0.39098594,0.285,1.222,0.019104403,0.048,8.669,,,,0.31166378,0.101,3.616,0.48442632,0.541,3.13,0.44552252,0.538,5.926,0.56583154,0.341,5.071,,,,,,,,,,,,,,,,0.5988366,0.593,1.279,0.48832005,0.341,0.739,,,,0.15527728,0.101,7.676,0.19218625,0.324,23.613
08064100,,,,,,,,,,,,,,,,,,,,,,,,,,,,,,,,,,,,,,,,,,,,,,,,,,,,,,,,,,,,
08065350,,,,,,,,,,,,,,,,,,,,,,,,,,,,,,,,,,,,,,,,,,,,,,,,,,,,,,,,,,,,
08070200,,,,,,,,,,,,,,,,,,,,,,,,,,,,,,,,,,,,,,,,,,,,,,,,,,,,,,,,,,,,
08178800,,,,-0.026691245,0.027,16.578,,,,,,,,,,,,,,,,,,,,,,,,,,,,,,,,,,,,,,,,,,,,,,,,,,,,,,
08181800,,,,,,,,,,,,,,,,,,,,,,,,,,,,,,,,,,,,,,,,,,,,,,,,,,,,,,,,,,,,
08313000,0.84821326,0.865,0.128,,,,,,,,,,,,,,,,,,,,,,,,,,,,,,,,,,,,,,,,,,,,,,,,,,,,,,,0.1714239,0.235,13.711
08319000,,,,,,,,,,,,,,,,,,,,,,,,,,,,,,,,,,,,,,,,,,,,,,,,,,,,,,,,,,,,
08329000,,,,,,,,,,,,,,,,,,,,,,,,,,,,,,,,,,,,,,,,,,,,,,,,,,,,,,,,,,,,
08330000,0.86544144,0.825,0.751,,,,,,,,,,,,,,,,,,,,,,,,,,,,,,,,,,,,,,,,,,,,,,,,,,,,,,,0.28544223,0.313,9.441
08332010,0.8200575,0.731,1.529,,,,,,,,,,,,,,,,,,,,,,,,,,,,,,,,,,,,,,,,,,,,,,,,,,,,,,,0.34344846,0.285,5.395
08334000,,,,,,,,,,,,,,,,,,,,,,,,,,,,,,,,,,,,,,,,,,,,,,,,,,,,,,,,,,0.7075223,0.546,12.027
08340500,,,,,,,,,,,,,,,,,,,,,,,,,,,,,,,,,,,,,,,,,,,,,,,,,,,,,,,,,,0.37033445,0.292,1.883
08353000,0.7977595,0.731,2.777,,,,,,,,,,,,,,,,,,,,,,,,,,,,,,,,,,,,,,,,,,,,,,,,,,,,,,,0.63362336,0.512,1.763
08384500,0.9062035,0.885,0.666,0.71295774,0.617,0.798,,,,,,,,,,,,,,,,,,,,,,,,,,,,,,,,,,,,,,,,,,,,,,,,,,,,0.40257934,0.443,11.198
08396500,,,,,,,,,,,,,,,,,,,,,,,,,,,,,,,,,,,,,,,,,,,,,,,,,,,,,,,,,,,,
09041090,0.8536909,0.825,0.555,0.40423617,0.187,4.313,0.4658777,0.419,0.443,-5.032567,0.016,1.878,0.040547743,0.032,19.641,,,,0.6433949,0.543,2.412,0.6984151,0.613,18.476,0.22291754,0.086,12.066,0.57940906,0.748,1.746,,,,0.38941738,0.193,4.888,0.39741647,0.205,6.011,0.33883417,0.15,7.171,0.0024114617,0.008,6.969,0.063530825,0.04,2.878,0.25135657,0.104,7.235,0.4055761,0.167,3.67,0.091065384,0.059,5.163,,,
09041400,0.7711872,0.798,2.593,0.4952781,0.284,0.471,0.25769082,0.074,0.675,-1.4020687,0.033,0.866,0.047706082,0.054,9.763,,,,0.08740638,0.044,1.754,0.37308127,0.314,5.138,0.7369353,0.548,5.704,0.34316936,0.157,8.694,,,,0.4244259,0.208,0.128,0.57693547,0.388,0.213,0.5626481,0.417,0.742,0.36049166,0.217,0.477,0.5490955,0.373,0.093,0.53949714,0.356,0.027,0.15724567,0.037,0.903,0.29195052,0.232,6.234,,,
09066510,,,,,,,,,,,,,,,,,,,,,,,,,,,,,,,,,,,,,,,,,,,,,,,,,,,,,,,,,,,,
09085000,0.8385682,0.829,0.445,0.759676,0.657,0.039,,,,,,,,,,,,,,,,,,,,,,,,,,,,0.6743045,0.475,1.873,0.65003926,0.481,2.254,0.70919967,0.682,3.678,0.005208239,0.116,7.761,0.71342516,0.688,3.162,0.73527205,0.587,1.693,,,,,,,,,
09095500,0.88972294,0.912,0.05,0.7542721,0.716,0.135,0.8376906,0.791,1.072,-0.44697687,0.063,0.145,0.23419426,0.168,0.014,,,,,,,,,,,,,,,,,,,0.69257516,0.649,2.877,0.67841125,0.596,0.599,0.74418455,0.692,2.323,0.59988815,0.475,0.708,0.75438166,0.695,3.154,0.743426,0.744,3.426,0.31339708,0.277,0.486,,,,0.2822614,0.437,14.853
09112200,,,,,,,,,,,,,,,,,,,,,,,,,,,,,,,,,,,,,,,,,,,,,,,,,,,,,,,,,,,,
09152500,0.89864343,0.919,0.321,0.54154944,0.448,2.699,,,,,,,,,,,,,,,,,,,,,,,,,,,,,,,,,,,,,,,,,,,,,,,,,,,,0.010609917,0.081,1.057
09163500,0.93748194,0.911,4.144,0.67632276,0.591,0.612,0.8551604,0.803,1.721,-0.11176149,0.016,0.4,0.38553265,0.243,8.552,0.20744698,0.07,26.58,0.19485156,0.063,18.214,0.587449,0.384,7.256,0.25055024,0.202,0.627,0.35070494,0.325,11.828,,,,0.68493986,0.529,0.053,0.7016131,0.543,0.218,0.66232765,0.561,1.536,0.59816915,0.489,0.889,0.65942335,0.603,2.171,0.7131226,0.563,0.358,0.26210392,0.213,0.901,0.54964244,0.41,22.989,0.3470019,0.203,23.101
09169500,0.88626045,0.875,9.251,0.26740155,0.203,3.669,,,,-3.4592667,0.277,2.899,0.18352029,0.189,1.251,,,,,,,,,,,,,,,,,,,-0.13611399,0.022,6.587,0.15138517,0.129,3.406,0.4376564,0.383,0.806,0.2552341,0.155,1.738,0.42408064,0.397,2.264,-0.09698547,0.058,8.872,0.14605998,0.035,2.455,,,,,,
09171100,0.8930792,0.849,6.048,0.40487772,0.337,2.383,,,,-2.7167087,0.276,0.147,0.23796132,0.441,7.329,,,,,,,,,,,,,,,,,,,-0.065786205,0.034,7.988,0.424841,0.421,2.588,0.36522707,0.344,3.999,0.33159944,0.342,5.417,0.3446232,0.324,5.063,-0.048482135,0.073,11.03,0.25819167,0.128,3.888,,,,,,
09180000,0.91267043,0.879,1.443,0.6899386,0.677,3.899,,,,,,,,,,,,,,,,,,,,,,,,,,,,,,,,,,,,,,,,,,,,,,,,,,,,,,
09196500,,,,,,,,,,,,,,,,,,,,,,,,,,,,,,,,,,0.7934905,0.642,0.557,0.26082528,0.338,9.914,,,,,,,0.56820077,0.418,11.203,,,,0.8460931,0.748,5.514,,,,,,
09211200,0.93652225,0.937,1.749,,,,,,,,,,,,,,,,0.14239419,0.207,2.102,0.5082797,0.578,2.032,0.2343104,0.273,10.145,0.3438899,0.324,0.608,,,,,,,,,,,,,,,,,,,,,,,,,0.0057558375,0.111,1.034,,,
09217000,0.9728057,0.957,1.607,0.5273287,0.369,3.926,0.53940487,0.398,1.911,-0.13442723,0.009,2.097,-0.16095766,0.047,32.791,,,,,,,,,,,,,,,,,,,0.5259341,0.374,0.478,0.3344554,0.207,0.493,0.35959733,0.216,2.316,0.2283881,0.156,0.222,0.18246299,0.239,9.36,0.48617944,0.333,1.389,0.48294544,0.363,1.88,,,,,,
09251000,0.93075466,0.91,1.099,0.6144019,0.616,1.054,,,,,,,,,,,,,,,,,,,,,,,,,,,,,,,,,,,,,,,,,,,,,,,,,,,,0.68049586,0.687,8.611
09260000,0.8587034,0.841,7.157,,,,,,,,,,,,,,,,,,,,,,,,,,,,,,,,,,,,,,,,,,,,,,,,,,,,,,,-0.050010823,0.011,12.247
09302000,0.92087775,0.886,3.887,0.48018706,0.568,7.603,0.6160286,0.384,2.333,-2.7396066,0.0,1.545,-0.12172725,0.037,1.954,,,,,,,,,,,,,,,,,,,0.20245177,0.131,8.386,0.19424112,0.157,6.6,0.31775177,0.357,10.36,0.28536057,0.158,9.167,0.2622465,0.325,10.19,0.3057308,0.307,12.874,0.1553621,0.091,1.381,,,,,,
09304200,0.84650445,0.828,4.656,0.6674817,0.676,0.59,,,,-1.4248205,0.019,0.185,,,,,,,,,,,,,,,,,,,,,,,,,,,,,,,,,,,,,,,,,,,,,,,,
09304800,0.9091456,0.845,3.658,0.47300902,0.424,1.767,,,,-0.96668655,0.028,0.733,,,,,,,,,,,,,,,,,,,,,,,,,,,,,,,,,,,,,,,,,,,,,,,,
09306290,0.92641556,0.867,0.096,0.54533064,0.412,0.361,,,,,,,,,,,,,,,,,,,,,,,,,,,,,,,,,,,,,,,,,,,,,,,,,,,,0.26523638,0.289,17.101
09306500,0.916441,0.86,0.181,0.56482923,0.429,2.03,,,,,,,,,,,,,,,,,,,,,,,,,,,,,,,,,,,,,,,,,,,,,,,,,,,,,,
09328500,0.88325185,0.874,6.742,0.36427814,0.349,7.407,,,,,,,,,,,,,,,,,,,,,,,,,,,,,,,,,,,,,,,,,,,,,,,,,,,,,,
09352900,0.8376,0.77,6.397,,,,,,,,,,,,,,,,,,,,,,,,,,,,0.86307025,0.75,0.391,0.71009105,0.506,0.788,0.76311046,0.598,0.641,0.7198966,0.522,2.037,0.5691044,0.325,1.559,0.33572373,0.23,0.644,0.76780593,0.591,1.788,0.6383173,0.427,0.302,,,,,,
09364500,,,,,,,,,,,,,,,,,,,,,,,,,,,,,,,,,,,,,,,,,,,,,,,,,,,,,,,,,,-0.058713607,0.091,28.194
09371492,,,,,,,,,,,,,,,,,,,,,,,,,,,,,,,,,,,,,,,,,,,,,,,,,,,,,,,,,,,,
09371520,,,,,,,,,,,,,,,,,,,,,,,,,,,,,,,,,,,,,,,,,,,,,,,,,,,,,,,,,,,,
09372000,0.87549776,0.862,0.868,0.48301396,0.285,0.4,,,,-2.5454793,0.01,0.745,0.19100052,0.13,7.569,,,,,,,,,,,,,,,,,,,0.525455,0.316,0.189,0.6572861,0.525,0.574,0.6734731,0.601,0.768,0.051217716,0.025,0.381,0.6326582,0.496,0.679,0.6369312,0.534,3.035,0.49597785,0.247,0.203,,,,,,
09382000,0.7352838,0.564,0.176,,,,,,,,,,,,,,,,,,,,,,,,,,,,,,,,,,,,,,,,,,,,,,,,,,,,,,,0.44102287,0.493,13.771
09397300,,,,,,,,,,,,,,,,,,,,,,,,,,,,,,,,,,,,,,,,,,,,,,,,,,,,,,,,,,,,
09415000,,,,,,,,,,,,,,,,,,,,,,,,,,,,,,,,,,,,,,,,,,,,,,,,,,,,,,,,,,0.31536496,0.364,15.788
94196783,,,,,,,,,,,,,,,,,,,,,,,,,,,,,,,,,,,,,,,,,,,,,,,,,,,,,,,,,,,,
09498500,0.88997424,0.907,3.032,0.43330914,0.453,8.163,0.78418434,0.693,1.138,-1.104468,0.004,0.613,0.3196865,0.194,0.222,,,,,,,,,,,,,,,,,,,0.5030341,0.499,4.462,0.39897603,0.411,8.783,,,,,,,,,,0.50143164,0.466,8.134,,,,,,,,,
09504000,,,,,,,,,,,,,,,,,,,,,,,,,,,,,,,,,,,,,,,,,,,,,,,,,,,,,,,,,,,,
09508500,,,,,,,,,,,,,,,,,,,,,,,,,,,,,,,,,,,,,,,,,,,,,,,,,,,,,,,,,,,,
10168000,0.8661479,0.762,2.091,0.20087357,0.22,15.968,,,,,,,,,,,,,,,,,,,,,,,,,,,,,,,,,,,,,,,,,,,,,,,,,,,,,,
10171000,0.87312627,0.78,0.424,0.5022929,0.354,1.794,0.6257143,0.407,4.841,-0.7400664,0.001,2.485,,,,,,,0.5045558,0.387,5.259,,,,0.24130113,0.243,7.801,,,,,,,,,,,,,,,,,,,0.4947059,0.345,1.836,0.39240637,0.246,0.523,,,,0.24314755,0.159,22.278,,,
10172200,0.90562373,0.823,1.181,-0.44856423,0.004,1.594,,,,,,,,,,,,,,,,,,,,,,,,,,,,,,,,,,,,,,,,-0.9680153,0.0,1.624,0.20382968,0.049,1.61,,,,,,,,,
10265150,,,,0.18217024,0.069,1.532,,,,,,,,,,,,,,,,,,,,,,,,,,,,,,,,,,,,,,,,0.16567037,0.068,2.666,,,,,,,,,,,,
10336580,0.74260956,0.673,0.77,0.77337354,0.611,5.949,,,,,,,,,,0.048458558,0.222,18.744,-0.004472097,0.114,15.29,,,,0.616836,0.488,8.085,0.052372858,0.111,8.895,,,,,,,,,,,,,,,,,,,,,,,,,0.17178032,0.019,3.169,0.27741107,0.401,15.426
103366092,0.7887801,0.723,0.006,0.7445651,0.621,7.684,,,,,,,,,,0.12311888,0.234,18.934,0.108698785,0.182,14.876,,,,0.2317608,0.11,6.399,0.0355932,0.098,9.197,,,,,,,,,,,,,,,,,,,,,,,,,0.30283725,0.015,3.784,0.1488915,0.317,21.435
10336610,0.78376126,0.745,7.036,0.8087136,0.673,5.085,,,,,,,,,,0.27600312,0.361,15.276,0.25267735,0.291,15.466,,,,0.3241553,0.125,7.801,0.21814725,0.15,9.58,,,,,,,,,,,,,,,,,,,,,,,,,-0.012694208,0.04,13.185,0.34724745,0.32,9.885
10336645,0.79264885,0.848,4.844,0.91709983,0.852,0.417,,,,,,,,,,0.40461105,0.246,5.227,0.30996263,0.326,9.442,,,,0.70633245,0.668,4.071,0.24016975,0.128,2.615,,,,,,,,,,,,,,,,,,,,,,,,,0.43150774,0.088,2.961,0.3522873,0.34,4.301
10336660,0.766347,0.7,2.018,0.87148035,0.76,1.166,,,,,,,,,,0.35608372,0.324,2.463,0.27258816,0.215,1.997,,,,0.66601926,0.453,9.446,0.30066288,0.248,1.25,,,,,,,,,,,,,,,,,,,,,,,,,0.47244748,0.053,4.662,0.32944185,0.506,20.378
10336674,0.77744716,0.72,13.074,0.36217132,0.141,3.836,,,,,,,,,,,,,0.072257474,0.075,11.125,,,,0.32262114,0.089,11.01,0.16623798,0.118,4.029,,,,,,,,,,,,,,,,,,,,,,,,,0.4982177,0.012,0.61,0.09195972,0.161,20.334
10336676,0.797834,0.792,3.531,0.7301285,0.536,1.004,,,,,,,,,,0.22615062,0.173,1.956,0.16070813,0.18,2.554,,,,0.49696422,0.266,1.898,0.21505496,0.132,9.148,,,,,,,,,,,,,,,,,,,,,,,,,0.2162976,0.04,2.907,0.44325826,0.279,15.721
10336698,0.7272723,0.672,0.891,0.6012947,0.414,0.472,,,,-3.7043874,0.0,3.332,,,,0.20071115,0.203,2.913,0.18012868,0.192,2.431,,,,0.45651567,0.276,2.265,0.12779541,0.227,13.447,,,,,,,,,,,,,,,,,,,,,,,,,0.3423442,0.141,16.279,0.3270351,0.347,1.731
103366993,0.67661446,0.554,0.438,0.41830903,0.177,4.632,,,,,,,,,,0.259461,0.173,13.79,0.2264932,0.138,19.6,,,,0.08328055,0.02,1.92,0.26172817,0.204,6.423,,,,,,,,,,,,,,,,,,,,,,,,,0.23572144,0.011,11.634,0.29689726,0.392,16.669
10336700,0.7827121,0.723,1.071,0.60498387,0.402,2.053,,,,-3.9555256,0.008,0.655,,,,0.2664571,0.306,7.113,0.22185083,0.25,5.494,,,,0.37584513,0.231,5.767,0.16875593,0.265,10.861,,,,,,,,,,,,,,,,,,,,,,,,,0.13523275,0.095,1.333,0.19863445,0.4,21.398
10336730,0.7639402,0.677,5.877,0.69404453,0.574,4.921,,,,,,,,,,0.21447363,0.198,4.308,0.17092147,0.243,1.006,,,,0.58774644,0.4,6.096,0.21325196,0.23,9.507,,,,,,,,,,,,,,,,,,,,,,,,,0.5506105,0.324,13.514,0.21221027,0.253,6.629
10336740,0.79058355,0.759,8.672,0.74855244,0.579,7.71,,,,,,,,,,0.28651616,0.221,15.382,0.28763667,0.246,16.835,,,,0.16610025,0.191,3.264,0.23766041,0.136,0.511,,,,,,,,,,,,,,,,,,,,,,,,,0.19342442,0.019,4.111,0.41120133,0.434,0.904
103367592,0.8226235,0.696,1.884,-1.7799147,0.026,0.322,,,,,,,,,,0.40337554,0.292,2.537,0.3717728,0.238,1.789,,,,0.50720596,0.257,5.496,0.35228103,0.165,7.697,,,,,,,,,,,,,,,,,,,,,,,,,0.076858446,0.008,8.222,0.4091883,0.268,22.582
10336760,0.80923504,0.72,1.53,0.54116875,0.294,2.422,,,,,,,,,,0.33835313,0.315,0.173,0.27341205,0.257,0.448,,,,0.11547104,0.077,3.836,-0.014107856,0.075,3.493,,,,,,,,,,,,,,,,,,,,,,,,,0.17150646,0.165,0.21,0.1480439,0.207,10.424
10336770,0.66617775,0.616,5.884,0.7553582,0.572,2.33,,,,,,,,,,,,,0.27698788,0.174,1.801,,,,0.16630484,0.053,0.581,0.4417213,0.439,5.344,,,,,,,,,,,,,,,,,,,,,,,,,-0.06851683,0.001,14.556,0.43850672,0.501,41.306
10336775,0.79292524,0.72,8.356,0.78713673,0.622,2.715,,,,,,,,,,0.11821549,0.203,9.356,0.115680605,0.187,0.718,,,,0.124497995,0.089,0.577,0.088784076,0.166,1.342,,,,,,,,,,,,,,,,,,,,,,,,,0.29694235,0.026,6.304,0.18678252,0.266,5.373
10343500,0.73857397,0.655,5.235,,,,,,,,,,,,,,,,,,,,,,,,,,,,,,,0.70826346,0.509,0.136,0.6745075,0.458,0.155,0.7067115,0.5,0.065,0.74346626,0.58,1.413,0.48230708,0.396,5.624,,,,0.39602682,0.179,0.859,,,,,,
11059300,0.75232315,0.639,2.284,,,,,,,,,,,,,,,,,,,,,,,,,,,,,,,,,,,,,,,,,,,,,,,,,,,,,,,0.5930804,0.559,4.0
11074000,0.79232454,0.715,0.843,0.32403025,0.271,4.434,,,,-2.2020879,0.032,2.339,,,,,,,,,,,,,,,,,,,,,,,,,,,,,,,,,,,,,,,,,,,,,,0.050506603,0.151,15.778
11109000,,,,,,,,,,,,,,,,,,,,,,,,,,,,,,,,,,,,,,,,,,,,,,,,,,,,,,,,,,,,
11118500,0.08659603,0.008,0.115,,,,,,,,,,,,,,,,,,,,,,,,,,,,,,,,,,,,,,,,,,,,,,,,,,,,,,,0.604698,0.657,11.021
11126000,,,,,,,,,,,,,,,,,,,,,,,,,,,,,,,,,,,,,,,,,,,,,,,,,,,,,,,,,,,,
11128500,,,,,,,,,,,,,,,,,,,,,,,,,,,,,,,,,,,,,,,,,,,,,,,,,,,,,,,,,,,,
11132500,,,,,,,,,,,,,,,,,,,,,,,,,,,,,,,,,,,,,,,,,,,,,,,,,,,,,,,,,,,,
11133000,,,,,,,,,,,,,,,,,,,,,,,,,,,,,,,,,,,,,,,,,,,,,,,,,,,,,,,,,,,,
11136100,,,,,,,,,,,,,,,,,,,,,,,,,,,,,,,,,,,,,,,,,,,,,,,,,,,,,,,,,,,,
11136800,,,,,,,,,,,,,,,,,,,,,,,,,,,,,,,,,,,,,,,,,,,,,,,,,,,,,,,,,,,,
11138500,,,,,,,,,,,,,,,,,,,,,,,,,,,,,,,,,,,,,,,,,,,,,,,,,,,,,,,,,,,,
11141050,0.3696991,0.146,1.417,0.46469098,0.322,2.247,,,,,,,,,,,,,,,,,,,,,,,,,,,,,,,,,,,,,,,,,,,,,,,,,,,,,,
11169025,,,,,,,,,,,,,,,,,,,,,,,,,,,,,,,,,,,,,,,,,,,,,,,,,,,,,,,,,,0.47892395,0.616,5.081
11176900,0.7056381,0.583,0.737,,,,,,,,,,,,,,,,,,,,,,,,,,,,,,,,,,,,,,,,,,,,,,,,,,,,,,,0.6209686,0.637,14.671
11179000,0.6572983,0.58,0.5,,,,,,,,,,,,,,,,,,,,,,,,,,,,,,,,,,,,,,,,,,,,,,,,,,,,,,,0.6340882,0.549,19.826
11180825,0.1275341,0.026,6.793,,,,,,,,,,,,,,,,,,,,,,,,,,,,,,,,,,,,,,,,,,,,,,,,,,,,,,,,,
11180960,0.03282383,0.002,1.434,,,,,,,,,,,,,,,,,,,,,,,,,,,,,,,,,,,,,,,,,,,,,,,,,,,,,,,0.5439473,0.58,5.855
11181040,,,,,,,,,,,,,,,,,,,,,,,,,,,,,,,,,,,,,,,,,,,,,,,,,,,,,,,,,,0.32676867,0.607,25.96
11264500,0.8088799,0.663,3.626,,,,,,,,,,,,,,,,,,,,,,,,,,,,0.5133925,0.264,1.015,0.7162741,0.762,4.407,0.695159,0.682,2.284,0.7712761,0.788,3.657,0.62479,0.667,4.882,0.77981645,0.81,5.691,0.7226934,0.756,3.333,0.61442566,0.481,4.171,,,,,,
11274538,,,,0.24079064,0.129,5.798,,,,-4.829782,0.024,6.444,,,,,,,,,,,,,,,,,,,,,,,,,,,,,,,,,,,,,,,,,,,,,,,,
11465200,0.811679,0.695,0.949,,,,,,,,,,,,,,,,,,,,,,,,,,,,,,,,,,,,,,,,,,,,,,,,,,,,,,,0.59395593,0.638,7.961
11467000,0.87260896,0.822,0.495,,,,,,,,,,,,,,,,,,,,,,,,,,,,,,,,,,,,,,,,,,,,,,,,,,,,,,,0.6239057,0.699,9.599
11525600,,,,,,,,,,,,,,,,,,,,,,,,,,,,,,,,,,,,,,,,,,,,,,,,,,,,,,,,,,,,
12189500,,,,,,,,,,,,,,,,,,,,,,,,,,,,,,,,,,,,,,,,,,,,,,,,,,,,,,,,,,-0.04675072,0.062,27.624
12323250,0.6723496,0.567,1.803,0.1491826,0.087,1.611,,,,,,,,,,,,,,,,,,,,,,,,,,,,,,,,,,,,,,,,,,,,,,,,,,,,,,
12323600,0.7963581,0.771,0.346,0.47719094,0.352,1.278,,,,,,,,,,,,,,,,,,,,,,,,,,,,,,,,,,,,,,,,,,,,,,,,,,,,,,
12323750,0.84518754,0.82,0.395,0.64847714,0.572,2.094,,,,,,,,,,,,,,,,,,,,,,,,,,,,,,,,,,,,,,,,,,,,,,,,,,,,,,
12323800,0.9097858,0.87,0.98,0.6454088,0.635,1.742,,,,,,,,,,,,,,,,,,,,,,,,,,,,,,,,,,,,,,,,,,,,,,,,,,,,0.33401045,0.44,8.193
12324200,0.86662567,0.792,1.105,0.5407188,0.425,1.303,,,,,,,,,,,,,,,,,,,,,,,,,,,,,,,,,,,,,,,,,,,,,,,,,,,,0.2669227,0.236,8.786
12324680,0.94487166,0.897,1.46,0.75170684,0.575,2.966,,,,,,,,,,,,,,,,,,,,,,,,,,,,,,,,,,,,,,,,,,,,,,,,,,,,,,
12331800,0.895462,0.835,2.574,0.44300163,0.277,1.994,,,,,,,,,,,,,,,,,,,,,,,,,,,,,,,,,,,,,,,,,,,,,,,,,,,,,,
12334550,0.90207237,0.854,1.58,0.76951826,0.62,3.565,,,,-0.2782687,0.059,0.033,,,,,,,,,,,,,,,,,,,,,,0.77002686,0.752,1.131,0.7460311,0.748,0.628,,,,,,,,,,,,,,,,,,,0.519363,0.431,1.31
12340000,0.923116,0.878,2.226,0.7497626,0.587,1.527,,,,,,,,,,,,,,,,,,,,,,,,,,,,,,,,,,,,,,,,,,,,,,,,,,,,0.48101315,0.567,7.154
12340500,0.8744597,0.858,3.15,0.74893373,0.732,2.128,,,,-0.51674336,0.147,0.099,,,,,,,,,,,,,,,,,,,,,,0.79733866,0.761,1.043,0.78265715,0.754,0.929,,,,,,,,,,,,,,,,,,,0.5235264,0.522,8.083
12413470,0.8089914,0.819,4.682,0.6942156,0.633,8.992,,,,,,,,,,,,,,,,,,,,,,,,,,,,,,,,,,,,,,,,,,,,,,,,,,,,0.54604375,0.357,17.458
12413500,,,,,,,,,,,,,,,,,,,,,,,,,,,,,,,,,,,,,,,,,,,,,,,,,,,,,,,,,,,,
12413860,,,,,,,,,,,,,,,,,,,,,,,,,,,,,,,,,,,,,,,,,,,,,,,,,,,,,,,,,,,,
12510500,0.9242538,0.919,6.087,0.54088056,0.327,3.104,0.6398443,0.432,2.721,-0.3485392,0.043,0.462,0.30082947,0.216,2.715,0.604551,0.567,5.743,0.28873646,0.252,8.964,0.6903992,0.633,2.631,0.33327952,0.232,5.316,-0.035766017,0.088,10.512,,,,0.54277134,0.333,4.092,0.5241675,0.323,4.395,0.4684786,0.285,5.192,0.52507645,0.309,7.157,0.27340305,0.174,1.877,0.61592346,0.431,0.253,0.57301176,0.397,1.465,0.41694927,0.535,2.964,0.18365632,0.252,11.892
13063000,,,,0.3010257,0.206,0.18,,,,,,,,,,,,,,,,,,,,,,,,,,,,0.59102124,0.499,1.633,0.8194971,0.686,2.32,,,,,,,,,,0.51121545,0.345,1.373,,,,,,,,,
13092747,0.8834957,0.809,1.655,0.57122743,0.461,2.187,0.5947025,0.354,0.095,-0.6311936,0.001,0.824,0.024944086,0.099,7.495,,,,0.101957336,0.15,5.563,0.8197969,0.714,1.684,0.17518151,0.209,2.994,0.5704377,0.447,1.027,,,,,,,,,,,,,,,,0.4180377,0.263,2.354,0.58534145,0.427,2.178,,,,0.3126314,0.156,13.545,0.30284983,0.359,13.234
13213000,0.8593127,0.888,1.835,0.6534216,0.528,2.036,0.59508514,0.369,2.362,0.004552987,0.0,0.267,,,,,,,,,,,,,,,,0.7489076,0.682,0.03,,,,,,,,,,,,,,,,,,,,,,,,,,,,,,
13351000,,,,,,,,,,,,,,,,,,,,,,,,,,,,,,,,,,,,,,,,,,,,,,,,,,,,,,,,,,,,
14161500,0.77323693,0.708,6.99,,,,,,,,,,,,,,,,,,,,,,,,,,,,0.45318627,0.356,1.333,,,,,,,,,,,,,,,,-0.028282586,0.001,1.243,,,,,,,,,
14201300,0.7877643,0.651,4.006,0.28785273,0.096,1.819,0.48456654,0.31,2.523,-3.7304015,0.04,0.122,0.46818784,0.431,11.177,0.54306227,0.298,4.863,0.60617244,0.467,15.925,0.5840515,0.358,9.421,0.46401772,0.374,5.068,0.69977915,0.535,0.852,,,,,,,,,,,,,,,,0.51324743,0.34,3.84,0.23235433,0.054,1.805,,,,0.24556682,0.124,21.148,0.7230045,0.79,5.668
14202980,,,,,,,,,,,,,,,,,,,,,,,,,,,,,,,,,,,,,,,,,,,,,,,,,,,,,,,,,,,,
14203500,0.567947,0.44,1.235,0.054549824,0.043,2.703,0.19641072,0.071,0.424,-0.3950455,0.034,0.819,0.25604412,0.263,2.284,0.73156244,0.673,4.058,0.23138915,0.261,0.033,,,,0.2079949,0.27,2.362,0.28255337,0.242,1.514,,,,,,,,,,,,,,,,0.6104255,0.431,0.883,,,,,,,0.10976205,0.108,9.567,,,
14206950,0.91603434,0.853,2.225,0.7333045,0.64,2.257,0.7470262,0.565,2.885,-1.2374645,0.064,2.356,0.2785102,0.21,2.477,0.58104724,0.401,1.59,0.49631378,0.414,4.573,0.7306534,0.596,8.36,0.74176794,0.564,2.57,0.6554772,0.493,1.541,,,,,,,,,,,,,,,,0.47056764,0.508,0.936,0.3209053,0.155,7.689,,,,0.013506325,0.06,5.302,0.5735532,0.713,16.179
14211720,0.9154171,0.913,0.372,0.33316496,0.319,0.201,0.902721,0.911,0.001,0.029402798,0.001,0.203,0.30137876,0.289,1.859,0.54829216,0.48,4.269,0.41168126,0.453,11.851,0.6787437,0.664,3.008,0.41925985,0.441,2.033,0.34228438,0.483,8.655,0.41447312,0.478,3.904,0.038959283,0.06,1.129,0.19956991,0.205,2.296,0.5320102,0.5,3.922,0.45656353,0.377,2.993,0.36642897,0.284,0.578,0.63039356,0.504,1.142,0.017397223,0.016,1.095,0.28244054,0.183,3.08,0.2897525,0.575,21.831
14216500,,,,,,,,,,,,,,,,,,,,,,,,,,,,,,,,,,,,,,,,,,,,,,,,,,,,,,,,,,0.30231515,0.448,22.611
14240525,,,,,,,,,,,,,,,,,,,,,,,,,,,,,,,,,,,,,,,,,,,,,,,,,,,,,,,,,,0.29411492,0.369,4.728
14241500,,,,,,,,,,,,,,,,,,,,,,,,,,,,,,,,,,,,,,,,,,,,,,,,,,,,,,,,,,0.2466266,0.671,31.864
14242580,0.8348468,0.754,0.006,,,,,,,,,,,,,,,,,,,,,,,,,,,,,,,,,,,,,,,,,,,,,,,,,,,,,,,0.6360327,0.761,15.777
14243000,0.83993244,0.791,5.895,,,,,,,,,,,,,,,,,,,,,,,,,,,,,,,,,,,,,,,,,,,,,,,,,,,,,,,0.34653622,0.153,5.432
401733105392404,0.89202416,0.868,2.273,0.7878889,0.657,2.009,,,,-0.89083713,0.056,4.971,0.45517033,0.432,5.634,,,,,,,0.67000467,0.551,2.398,0.37912804,0.288,7.291,,,,0.7353034,0.664,1.462,0.8635582,0.758,3.603,0.8525808,0.747,4.003,0.88622165,0.803,4.437,0.6406917,0.493,2.821,0.3305773,0.243,1.797,0.84278095,0.753,3.701,0.61272985,0.461,1.297,0.24360621,0.241,3.152,,,
402114105350101,0.7411374,0.733,3.529,0.81985646,0.692,6.194,,,,,,,,,,,,,,,,,,,,,,,,,0.7121837,0.777,10.434,0.8077884,0.69,4.583,0.8235352,0.734,5.33,0.85272485,0.754,6.639,0.65839916,0.5,4.05,0.6856548,0.591,9.327,0.8845146,0.809,4.66,0.849243,0.745,5.076,,,,,,
